Smiles,bond_target
[O:1]=[C:2]([c:3]1[cH:4][cH:5][cH:6][cH:7][c:8]1[O:9][CH2:10][CH:11]([OH:12])[CH2:13][NH:14][CH2:15][CH2:16][CH3:17])[CH2:18][CH2:19][c:20]2[cH:21][cH:22][cH:23][cH:24][cH:25]2,"[0, 0, 0, 0, 0, 0, 0, 0, 0, 0, 0, 0, 0, 1, 0, 0, 0, 0, 0, 0, 0, 0, 0, 0, 0, 0]"
[O:1]=[C:2]([N:3]1[CH2:4][CH2:5][N:6]([c:7]2[cH:8][cH:9][c:10]([O:11][CH2:12][CH:13]3[O:14][C:15]([O:16][CH2:17]3)([c:18]4[cH:19][cH:20][c:21]([Cl:22])[cH:23][c:24]4[Cl:25])[CH2:26][N:27]5[C:28](=[O:29])[CH2:30][NH:31][CH:32]5[OH:33])[cH:34][cH:35]2)[CH2:36][CH2:37]1)[CH3:38],"[0, 0, 0, 0, 0, 0, 0, 0, 0, 0, 0, 0, 0, 0, 0, 0, 0, 0, 0, 0, 0, 0, 0, 0, 0, 0, 0, 0, 0, 0, 0, 0, 0, 0, 0, 0, 0, 0, 0, 0, 0, 1]"
[O:1]([c:2]1[cH:3][cH:4][c:5]2[nH:6][c:7]3[c:8]([c:9]2[cH:10]1)[CH2:11][CH2:12][N:13]4[CH2:14][CH:15]5[CH2:16][CH:17]3[CH:18]4[CH:19]([CH2:20][CH3:21])[CH2:22]5)[CH3:23],"[0, 0, 0, 0, 0, 0, 0, 0, 0, 0, 0, 0, 0, 0, 0, 0, 0, 0, 0, 0, 0, 1, 0, 0, 0, 0, 0]"
[O:1]=[c:2]1[o:3][c:4]2[cH:5][c:6]([O:7][CH2:8][CH2:9][CH2:10][CH2:11][CH2:12][CH3:13])[cH:14][cH:15][c:16]2[cH:17][cH:18]1,"[0, 0, 0, 0, 0, 0, 1, 0, 0, 0, 0, 0, 0, 0, 0, 0, 0, 0, 0]"
[Cl:1][c:2]1[cH:3][cH:4][c:5]2[c:6]([n:7][cH:8][cH:9][c:10]2[NH:11][c:12]3[cH:13][cH:14][c:15]([OH:16])[c:17]([cH:18]3)[CH2:19][N:20]([CH2:21][CH3:22])[CH2:23][CH3:24])[cH:25]1,"[0, 0, 0, 0, 0, 0, 0, 0, 0, 0, 0, 0, 0, 0, 0, 0, 0, 0, 0, 1, 0, 0, 0, 0, 0, 0, 0]"
[cH:1]1[cH:2][cH:3][c:4]2[c:5]([cH:6]1)[cH:7][cH:8][c:9]3[c:10]2[c:11]([c:12]4[cH:13][cH:14][cH:15][cH:16][c:17]4[c:18]3[CH3:19])[CH3:20],"[0, 0, 0, 0, 0, 0, 1, 0, 0, 0, 0, 0, 0, 0, 0, 0, 0, 0, 0, 1, 0, 0, 0]"
[N:1]#[C:2][c:3]1[cH:4][cH:5][c:6]([cH:7][cH:8]1)[CH:9]([OH:10])[c:11]2[cH:12][cH:13][c:14]([C:15]#[N:16])[cH:17][cH:18]2,"[0, 0, 0, 0, 0, 0, 0, 0, 1, 0, 0, 0, 0, 0, 0, 0, 0, 0, 0]"
[O:1]=[c:2]1[o:3][c:4]2[cH:5][c:6]([O:7][CH2:8][c:9]3[cH:10][cH:11][cH:12][cH:13][cH:14]3)[cH:15][cH:16][c:17]2[c:18]([cH:19]1)[C:20]([F:21])([F:22])[F:23],"[0, 0, 0, 0, 0, 0, 1, 0, 0, 0, 0, 0, 0, 0, 0, 0, 0, 0, 0, 0, 0, 0, 0, 0, 0]"
[n:1]1[c:2]([n:3][c:4]([n:5][c:6]1[NH:7][CH2:8][CH3:9])[NH:10][CH:11]([CH3:12])[CH3:13])[S:14][CH3:15],"[0, 0, 0, 0, 0, 0, 1, 0, 0, 1, 0, 0, 0, 0, 0]"
[F:1][C:2]([F:3])([F:4])[c:5]1[cH:6][cH:7][c:8]([O:9][CH:10]([c:11]2[cH:12][cH:13][cH:14][cH:15][cH:16]2)[CH2:17][CH2:18][NH:19][CH3:20])[cH:21][cH:22]1,"[0, 0, 0, 0, 0, 0, 0, 0, 1, 0, 0, 0, 0, 0, 0, 0, 0, 0, 1, 0, 0, 0, 0]"
[O:1]=[N+:2]([O-:3])[c:4]1[cH:5][c:6]2[c:7]3[cH:8][cH:9][cH:10][cH:11][c:12]3[cH:13][cH:14][c:15]2[c:16]4[cH:17][cH:18][cH:19][cH:20][c:21]14,"[0, 0, 0, 0, 0, 0, 0, 0, 0, 1, 0, 0, 0, 0, 0, 0, 0, 0, 0, 0, 0, 0, 0, 0]"
[S:1]1[c:2]2[cH:3][cH:4][cH:5][cH:6][c:7]2[N:8]([c:9]3[cH:10][c:11]([S:12][CH3:13])[cH:14][cH:15][c:16]13)[CH2:17][CH2:18][CH:19]4[N:20]([CH3:21])[CH2:22][CH2:23][CH2:24][CH2:25]4,"[0, 0, 0, 0, 0, 0, 0, 0, 0, 0, 0, 0, 0, 0, 0, 0, 0, 0, 0, 1, 0, 0, 0, 0, 0, 0, 0, 0]"
[O:1]=[P:2]1([O:3][CH2:4][CH2:5][CH2:6][N:7]1[CH2:8][CH2:9][Cl:10])[NH:11][CH2:12][CH2:13][Cl:14],"[0, 0, 0, 0, 0, 0, 1, 0, 0, 0, 1, 0, 0, 0]"
[O:1]=[C:2]([NH:3][c:4]1[cH:5][cH:6][c:7]([S:8][c:9]2[n:10][c:11]([cH:12][c:13]([n:14]2)[N:15]3[CH2:16][CH2:17][N:18]([CH3:19])[CH2:20][CH2:21]3)[NH:22][c:23]4[n:24][nH:25][c:26]([cH:27]4)[CH3:28])[cH:29][cH:30]1)[CH:31]5[CH2:32][CH2:33]5,"[0, 0, 0, 0, 0, 0, 0, 0, 0, 0, 0, 0, 0, 0, 0, 0, 0, 1, 0, 0, 0, 0, 0, 0, 0, 0, 0, 0, 0, 0, 0, 0, 0, 0, 0, 0, 0]"
[O:1]=[C:2]1[NH:3][CH2:4][C:5](=[O:6])[N:7]([CH3:8])[CH:9]([C:10](=[O:11])[NH:12][CH:13]([C:14](=[O:15])[N:16]([C:17]1=[CH:18][c:19]2[cH:20][cH:21][cH:22][cH:23][cH:24]2)[CH3:25])[CH2:26][CH:27]([CH3:28])[CH3:29])[CH3:30],"[0, 0, 0, 0, 0, 0, 1, 0, 0, 0, 0, 0, 0, 0, 0, 0, 0, 0, 0, 0, 0, 0, 0, 0, 0, 0, 0, 0, 0, 0, 0]"
[Cl:1][c:2]1[cH:3][cH:4][c:5]2[S:6][c:7]3[cH:8][cH:9][cH:10][cH:11][c:12]3[N:13]([c:14]2[cH:15]1)[CH2:16][CH2:17][CH2:18][N:19]4[CH2:20][CH2:21][N:22]([CH2:23][CH2:24][OH:25])[CH2:26][CH2:27]4,"[0, 0, 0, 0, 0, 0, 0, 0, 0, 0, 0, 0, 0, 0, 0, 0, 0, 0, 0, 0, 0, 1, 0, 0, 0, 0, 0, 0, 0, 0]"
[F:1][C:2]([F:3])([F:4])[O:5][c:6]1[cH:7][cH:8][c:9]([OH:10])[c:11]([cH:12]1)[CH2:13][NH:14][CH:15]2[CH2:16][CH2:17][CH2:18][NH:19][CH:20]2[c:21]3[cH:22][cH:23][cH:24][cH:25][cH:26]3,"[0, 0, 0, 0, 0, 0, 0, 0, 0, 0, 0, 0, 0, 1, 0, 0, 0, 0, 0, 0, 0, 0, 0, 0, 0, 0, 0, 0]"
[O:1]=[C:2]([OH:3])[CH2:4][N:5]([C:6](=[O:7])[O:8][c:9]1[cH:10][cH:11][c:12]([O:13][CH3:14])[cH:15][cH:16]1)[CH2:17][c:18]2[cH:19][cH:20][c:21]([O:22][CH2:23][CH2:24][c:25]3[n:26][c:27]([o:28][c:29]3[CH3:30])-[c:31]4[cH:32][cH:33][cH:34][cH:35][cH:36]4)[cH:37][cH:38]2,"[0, 0, 0, 0, 0, 0, 0, 0, 0, 0, 0, 0, 1, 0, 0, 0, 0, 0, 0, 0, 0, 1, 0, 0, 0, 0, 0, 0, 0, 0, 0, 0, 0, 0, 0, 0, 0, 0, 0, 0, 0]"
[O:1]=[N+:2]([O-:3])[c:4]1[cH:5][c:6]2[cH:7][cH:8][cH:9][c:10]3[cH:11][cH:12][c:13]4[cH:14][cH:15][cH:16][c:17]1[c:18]4[c:19]23,"[0, 0, 0, 0, 0, 0, 0, 0, 0, 0, 1, 0, 0, 0, 0, 0, 0, 0, 0, 0, 0, 0]"
[F:1][c:2]1[cH:3][cH:4][c:5]([cH:6][cH:7]1)-[c:8]2[nH:9][c:10]([n:11][c:12]2-[c:13]3[cH:14][cH:15][n:16][c:17]([cH:18]3)[NH:19][CH:20]([c:21]4[cH:22][cH:23][cH:24][cH:25][cH:26]4)[CH3:27])[S:28][CH3:29],"[0, 0, 0, 0, 0, 0, 0, 0, 0, 0, 0, 0, 0, 0, 0, 0, 0, 0, 1, 0, 0, 0, 0, 0, 0, 0, 0, 0, 0, 0, 0, 0]"
[O:1]=[C:2]([NH2:3])[CH2:4][S:5](=[O:6])[CH:7]([c:8]1[cH:9][cH:10][cH:11][cH:12][cH:13]1)[c:14]2[cH:15][cH:16][cH:17][cH:18][cH:19]2,"[0, 1, 0, 0, 0, 0, 0, 0, 0, 0, 0, 0, 0, 0, 0, 0, 0, 0, 0, 0]"
[O:1]=[C:2]([CH:3]([c:4]1[cH:5][cH:6][cH:7][cH:8][c:9]1[F:10])[N:11]2[CH2:12][c:13]3[cH:14][c:15]([OH:16])[s:17][c:18]3[CH2:19][CH2:20]2)[CH:21]4[CH2:22][CH2:23]4,"[0, 0, 0, 0, 0, 0, 0, 0, 0, 0, 0, 0, 0, 0, 0, 1, 0, 0, 0, 0, 0, 0, 0, 0, 0, 0]"
[O:1]=[C:2]([NH2:3])[N:4]1[c:5]2[cH:6][cH:7][cH:8][cH:9][c:10]2[CH:11]=[CH:12][c:13]3[cH:14][cH:15][cH:16][cH:17][c:18]13,"[0, 0, 0, 0, 0, 0, 0, 0, 0, 0, 1, 0, 0, 0, 0, 0, 0, 0, 0, 0]"
[Cl:1][c:2]1[cH:3][cH:4][c:5]2[NH:6][c:7]3[cH:8][cH:9][cH:10][cH:11][c:12]3[C:13](=[N:14][c:15]2[cH:16]1)[N:17]4[CH2:18][CH2:19][N:20]([CH3:21])[CH2:22][CH2:23]4,"[0, 0, 0, 0, 0, 0, 0, 0, 0, 0, 0, 0, 0, 0, 0, 0, 0, 0, 0, 1, 0, 0, 0, 0, 0, 0]"
[OH:1][c:2]1[cH:3][cH:4][c:5]([cH:6][cH:7]1)[CH:8]([CH2:9][N:10]([CH3:11])[CH3:12])[C:13]2([OH:14])[CH2:15][CH2:16][CH2:17][CH2:18][CH2:19]2,"[0, 0, 0, 0, 0, 0, 0, 0, 0, 0, 1, 0, 0, 0, 0, 0, 0, 0, 0, 0]"
[O:1]=[c:2]1[cH:3][cH:4][c:5]2-[c:6]([o:7][c:8]3[cH:9][c:10]([O:11][CH2:12][c:13]4[cH:14][cH:15][cH:16][cH:17][cH:18]4)[cH:19][cH:20][c:21]3[c:22]2-[c:23]5[cH:24][cH:25][cH:26][cH:27][c:28]5[C:29](=[O:30])[O:31][CH2:32][c:33]6[cH:34][cH:35][cH:36][cH:37][cH:38]6)[cH:39]1,"[0, 0, 0, 0, 0, 0, 0, 0, 0, 0, 1, 0, 0, 0, 0, 0, 0, 0, 0, 0, 0, 0, 0, 0, 0, 0, 0, 0, 0, 0, 0, 0, 0, 0, 0, 0, 0, 0, 0, 0, 0, 0, 0, 0]"
[O:1]=[C:2]1[O:3][CH2:4][C:5](=[CH:6]1)[CH:7]2[CH2:8][CH2:9][C:10]3([OH:11])[CH:12]4[CH2:13][CH2:14][CH:15]5[CH2:16][CH:17]([O:18][CH:19]6[O:20][CH:21]([CH3:22])[CH:23]([O:24][CH:25]7[O:26][CH:27]([CH3:28])[CH:29]([O:30][CH:31]8[O:32][CH:33]([CH3:34])[CH:35]([OH:36])[CH:37]([OH:38])[CH2:39]8)[CH:40]([OH:41])[CH2:42]7)[CH:43]([OH:44])[CH2:45]6)[CH2:46][CH2:47][C:48]5([CH3:49])[CH:50]4[CH2:51][CH2:52][C:53]23[CH3:54],"[0, 0, 0, 0, 0, 0, 0, 0, 0, 0, 0, 0, 0, 0, 0, 0, 0, 0, 0, 0, 0, 0, 0, 0, 0, 0, 0, 0, 1, 0, 0, 0, 0, 0, 0, 0, 0, 0, 0, 0, 0, 0, 0, 0, 0, 0, 0, 0, 0, 0, 0, 0, 0, 0, 0, 0, 0, 0, 0, 0, 0]"
[Br:1][c:2]1[cH:3][c:4]([Br:5])[c:6]([NH2:7])[c:8]([cH:9]1)[CH2:10][NH:11][CH:12]2[CH2:13][CH2:14][CH:15]([OH:16])[CH2:17][CH2:18]2,"[0, 0, 0, 0, 0, 0, 0, 0, 0, 1, 0, 0, 0, 0, 0, 0, 0, 0, 0]"
[O:1]=[C:2]([c:3]1[cH:4][cH:5][c:6]([O:7][CH2:8][CH2:9][CH2:10][NH:11][CH2:12][CH2:13][CH2:14][CH3:15])[cH:16][cH:17]1)[c:18]2[c:19]3[cH:20][c:21]([cH:22][cH:23][c:24]3[o:25][c:26]2[CH2:27][CH2:28][CH2:29][CH3:30])[NH:31][S:32](=[O:33])(=[O:34])[CH3:35],"[0, 0, 0, 0, 0, 0, 0, 0, 0, 0, 1, 0, 0, 0, 0, 0, 0, 0, 0, 0, 0, 0, 0, 0, 0, 0, 0, 0, 0, 0, 0, 0, 0, 0, 0, 0, 0]"
[OH:1][CH:2]1[CH:3]=[CH:4][CH:5]2[CH:6]3[N:7]([CH3:8])[CH2:9][CH2:10][C:11]24[c:12]5[c:13]([O:14][CH:15]14)[c:16]([O:17][CH2:18][CH3:19])[cH:20][cH:21][c:22]5[CH2:23]3,"[0, 0, 0, 0, 0, 0, 1, 0, 0, 0, 0, 0, 0, 0, 0, 0, 1, 0, 0, 0, 0, 0, 0, 0, 0, 0, 0]"
[O:1]=[C:2]([NH:3][CH:4]([CH:5]([Cl:6])[CH3:7])[CH:8]1[O:9][CH:10]([S:11][CH3:12])[CH:13]([OH:14])[CH:15]([OH:16])[CH:17]1[OH:18])[CH:19]2[N:20]([CH3:21])[CH2:22][CH:23]([CH2:24][CH2:25][CH3:26])[CH2:27]2,"[0, 0, 0, 0, 0, 0, 0, 0, 0, 0, 0, 0, 0, 0, 0, 0, 0, 0, 0, 1, 0, 0, 0, 0, 0, 0, 0, 0]"
[n:1]1[cH:2][cH:3][c:4]-2[n:5][c:6]1[NH:7][c:8]3[cH:9][cH:10][c:11]([O:12][CH2:13][CH2:14][N:15]4[CH2:16][CH2:17][CH2:18][CH2:19]4)[c:20]([cH:21]3)[CH2:22][O:23][CH2:24][CH:25]=[CH:26][CH2:27][O:28][CH2:29][c:30]5[cH:31][cH:32][cH:33][c:34]2[cH:35]5,"[0, 0, 0, 0, 0, 0, 0, 0, 0, 0, 0, 1, 0, 0, 0, 0, 0, 0, 0, 0, 0, 0, 0, 0, 0, 0, 0, 0, 0, 0, 0, 0, 0, 0, 0, 0, 0, 0, 0]"
[F:1][c:2]1[cH:3][cH:4][cH:5][c:6]([cH:7]1)[CH2:8][CH2:9][N:10]2[CH2:11][CH2:12][N:13]([CH2:14][CH2:15]2)[CH2:16][CH2:17][CH2:18][c:19]3[cH:20][c:21]4[cH:22][c:23]([cH:24][cH:25][c:26]4[nH:27]3)-[n:28]5[cH:29][n:30][n:31][cH:32]5,"[0, 0, 0, 0, 0, 0, 0, 0, 1, 0, 0, 0, 0, 0, 0, 0, 0, 0, 0, 0, 0, 0, 0, 0, 0, 0, 0, 0, 0, 0, 0, 0, 0, 0, 0, 0]"
[N:1]#[C:2][c:3]1[cH:4][cH:5][c:6]([cH:7][c:8]1[Cl:9])-[c:10]2[n:11][n:12]([cH:13][cH:14]2)[CH2:15][CH:16]([NH:17][C:18](=[O:19])[c:20]3[n:21][nH:22][c:23]([cH:24]3)[CH:25]([OH:26])[CH3:27])[CH3:28],"[0, 0, 0, 0, 0, 0, 0, 0, 0, 0, 0, 0, 0, 0, 0, 0, 0, 0, 0, 0, 0, 0, 0, 0, 1, 0, 0, 0, 0, 0]"
[O:1]=[C:2]1[NH:3][C:4](=[O:5])[C:6]([NH:7]1)([c:8]2[cH:9][cH:10][cH:11][cH:12][cH:13]2)[c:14]3[cH:15][cH:16][cH:17][cH:18][cH:19]3,"[0, 0, 0, 0, 0, 0, 0, 0, 0, 0, 0, 0, 0, 0, 0, 1, 0, 0, 0, 0, 0]"
[F:1][c:2]1[cH:3][cH:4][cH:5][cH:6][c:7]1-[c:8]2[n:9][n:10][c:11]3[cH:12][c:13]([c:14]([n:15][n:16]23)[O:17][CH2:18][c:19]4[n:20][cH:21][n:22][n:23]4[CH2:24][CH3:25])[C:26]([CH3:27])([CH3:28])[CH3:29],"[0, 0, 0, 0, 0, 0, 0, 0, 0, 0, 0, 0, 0, 0, 0, 0, 0, 0, 0, 0, 0, 0, 1, 0, 0, 0, 0, 0, 0, 0, 0, 0]"
[O:1]=[C:2]1[N:3]([c:4]2[cH:5][cH:6][cH:7][cH:8][cH:9]2)[c:10]3[cH:11][c:12]([Cl:13])[cH:14][cH:15][c:16]3[N:17]([C:18](=[O:19])[CH2:20]1)[CH3:21],"[0, 0, 0, 0, 0, 0, 0, 0, 0, 0, 0, 0, 0, 0, 0, 0, 0, 0, 0, 1, 0, 0, 0]"
[O:1]=[P:2]1([O:3][CH2:4][CH2:5][CH2:6][NH:7]1)[N:8]([CH2:9][CH2:10][Cl:11])[CH2:12][CH2:13][Cl:14],"[0, 0, 0, 0, 0, 0, 0, 1, 0, 0, 0, 0, 0, 0]"
[F:1][C:2]([F:3])([F:4])[O:5][c:6]1[cH:7][cH:8][cH:9][c:10]2[c:11]1[n:12][c:13]([NH:14][CH2:15][CH2:16][OH:17])[c:18]3[c:19]2[N:20]([c:21]4[cH:22][cH:23][c:24]([O:25][CH3:26])[cH:27][c:28]4[CH3:29])[CH2:30][CH2:31]3,"[0, 0, 0, 0, 0, 0, 0, 0, 0, 0, 0, 0, 0, 1, 0, 0, 0, 0, 0, 0, 0, 0, 0, 0, 1, 0, 0, 0, 0, 0, 0, 0, 0, 0]"
[O:1]=[c:2]1[n:3][c:4]([nH:5][n:6]2[c:7]([n:8][c:9]([c:10]12)[CH3:11])[CH2:12][CH2:13][CH3:14])-[c:15]3[cH:16][c:17]([cH:18][cH:19][c:20]3[O:21][CH2:22][CH3:23])[S:24](=[O:25])(=[O:26])[N:27]4[CH2:28][CH2:29][N:30]([CH2:31][CH3:32])[CH2:33][CH2:34]4,"[0, 0, 0, 0, 0, 0, 0, 0, 0, 0, 0, 0, 0, 0, 0, 0, 0, 0, 0, 0, 0, 0, 0, 0, 0, 0, 0, 0, 0, 1, 0, 0, 0, 0, 0, 0, 0]"
[O:1]=[C:2]1[CH:3]=[C:4]2[CH2:5][CH2:6][CH:7]3[CH:8]([CH2:9][CH2:10][C:11]4([CH3:12])[CH:13]([OH:14])[CH2:15][CH2:16][CH:17]34)[C:18]2([CH3:19])[CH2:20][CH2:21]1,"[0, 0, 0, 0, 0, 0, 0, 0, 0, 0, 0, 0, 1, 0, 0, 0, 0, 0, 0, 0, 0, 0, 0, 0]"
[O:1]=[C:2]([NH:3][c:4]1[cH:5][cH:6][cH:7][c:8]2[C:9](=[O:10])[N:11]([C:12](=[O:13])[c:14]12)[CH:15]([c:16]3[cH:17][cH:18][c:19]([O:20][CH3:21])[c:22]([O:23][CH2:24][CH3:25])[cH:26]3)[CH2:27][S:28](=[O:29])(=[O:30])[CH3:31])[CH3:32],"[0, 0, 0, 0, 0, 0, 0, 0, 0, 0, 0, 0, 0, 0, 0, 0, 0, 0, 0, 1, 0, 0, 0, 0, 0, 0, 0, 0, 0, 0, 0, 0, 0, 0]"
[N:1]#[C:2][C:3]([c:4]1[cH:5][cH:6][c:7]([O:8][CH3:9])[c:10]([O:11][CH3:12])[cH:13]1)([CH2:14][CH2:15][CH2:16][N:17]([CH3:18])[CH2:19][CH2:20][c:21]2[cH:22][cH:23][c:24]([O:25][CH3:26])[c:27]([O:28][CH3:29])[cH:30]2)[CH:31]([CH3:32])[CH3:33],"[0, 0, 0, 0, 0, 0, 0, 0, 0, 0, 0, 0, 0, 0, 0, 0, 1, 1, 0, 0, 0, 0, 0, 0, 1, 0, 0, 1, 0, 0, 0, 0, 0, 0]"
[O:1]=[c:2]1[nH:3][c:4]([n:5][c:6]2[c:7]([n:8][n:9]([c:10]12)[CH3:11])[CH2:12][CH2:13][CH3:14])-[c:15]3[cH:16][c:17]([cH:18][cH:19][c:20]3[O:21][CH2:22][CH2:23][CH3:24])[S:25](=[O:26])(=[O:27])[NH:28][CH2:29][CH2:30][CH:31]4[N:32]([CH3:33])[CH2:34][CH2:35][CH2:36]4,"[0, 0, 0, 0, 0, 0, 0, 0, 0, 1, 0, 0, 0, 0, 0, 0, 0, 0, 0, 0, 0, 0, 0, 0, 0, 0, 0, 1, 0, 0, 0, 0, 0, 0, 0, 0, 0, 0, 0]"
[O:1]=[N+:2]([O-:3])[c:4]1[cH:5][cH:6][c:7]([O:8][CH3:9])[cH:10][cH:11]1,"[0, 0, 0, 0, 0, 0, 0, 1, 0, 0, 0]"
[n:1]1[cH:2][n:3]([c:4]-2[n:5][c:6]([n:7][c:8]2[c:9]1[NH:10][CH2:11][CH3:12])[CH:13]([CH3:14])[CH3:15])[CH2:16][c:17]3[cH:18][cH:19][c:20]([O:21][CH3:22])[c:23]([O:24][CH:25]4[CH2:26][CH2:27][CH2:28][CH2:29]4)[cH:30]3,"[0, 0, 0, 0, 0, 0, 0, 0, 0, 1, 0, 0, 0, 0, 0, 0, 0, 0, 0, 0, 0, 0, 0, 0, 0, 0, 0, 0, 0, 0, 0, 0, 0]"
[O:1]=[C:2]([NH:3][N:4]1[c:5]2[cH:6][cH:7][cH:8][cH:9][c:10]2[CH2:11][CH:12]1[CH3:13])[c:14]3[cH:15][cH:16][c:17]([Cl:18])[c:19]([cH:20]3)[S:21](=[O:22])(=[O:23])[NH2:24],"[0, 0, 0, 0, 0, 0, 0, 1, 0, 0, 0, 0, 0, 0, 0, 0, 0, 0, 0, 0, 0, 0, 0, 0, 0, 0]"
[OH:1][c:2]1[cH:3][cH:4][c:5]([cH:6][cH:7]1)[CH:8]2[S:9][c:10]3[cH:11][c:12]([OH:13])[cH:14][cH:15][c:16]3[O:17][CH:18]2[c:19]4[cH:20][cH:21][c:22]([O:23][CH2:24][CH2:25][N:26]5[CH2:27][CH2:28][CH2:29][CH2:30][CH2:31]5)[cH:32][cH:33]4,"[0, 0, 0, 0, 0, 0, 0, 0, 0, 0, 0, 0, 0, 0, 0, 0, 0, 0, 0, 0, 0, 0, 0, 0, 1, 0, 0, 0, 0, 0, 0, 0, 0, 0, 0, 0, 0]"
[n:1]1[cH:2][cH:3][cH:4][c:5]2[cH:6][cH:7][cH:8][cH:9][c:10]12,"[0, 0, 0, 0, 0, 1, 0, 0, 0, 0, 0]"
[F:1][C:2]([F:3])([F:4])[O:5][c:6]1[cH:7][cH:8][c:9]([O:10][CH3:11])[c:12]([cH:13]1)[CH2:14][NH:15][CH:16]2[CH2:17][CH2:18][CH2:19][NH:20][CH:21]2[c:22]3[cH:23][cH:24][cH:25][cH:26][cH:27]3,"[0, 0, 0, 0, 0, 0, 0, 0, 0, 0, 0, 0, 0, 0, 1, 0, 0, 0, 0, 0, 0, 0, 0, 0, 0, 0, 0, 0, 0]"
[O:1]=[C:2]([N:3]([CH3:4])[CH3:5])[C:6]([c:7]1[cH:8][cH:9][cH:10][cH:11][cH:12]1)([c:13]2[cH:14][cH:15][cH:16][cH:17][cH:18]2)[CH2:19][CH2:20][N:21]3[CH2:22][CH2:23][C:24]([OH:25])([c:26]4[cH:27][cH:28][c:29]([Cl:30])[cH:31][cH:32]4)[CH2:33][CH2:34]3,"[0, 0, 0, 1, 0, 0, 0, 0, 0, 0, 0, 0, 0, 0, 0, 0, 0, 0, 0, 0, 0, 0, 0, 0, 0, 0, 0, 0, 0, 0, 0, 0, 0, 0, 0, 0, 0]"
[O:1]=[c:2]1[n:3]2[cH:4][cH:5][cH:6][cH:7][c:8]2[n:9][n:10]1[CH2:11][CH2:12][CH2:13][N:14]3[CH2:15][CH2:16][N:17]([c:18]4[cH:19][cH:20][cH:21][c:22]([Cl:23])[cH:24]4)[CH2:25][CH2:26]3,"[0, 0, 0, 0, 0, 0, 0, 0, 0, 0, 0, 0, 1, 0, 0, 0, 0, 0, 0, 0, 0, 0, 0, 0, 0, 0, 0, 0, 0]"
[O:1]=[S:2](=[O:3])([NH:4][c:5]1[cH:6][cH:7][c:8]([cH:9][cH:10]1)[CH2:11][CH2:12][NH:13][CH2:14][CH:15]([OH:16])[c:17]2[cH:18][n:19][cH:20][cH:21][cH:22]2)[c:23]3[cH:24][cH:25][c:26]([cH:27][cH:28]3)[C:29]4=[N:30][C:31](=[CH:32][CH2:33]4)[c:34]5[cH:35][cH:36][c:37]([cH:38][cH:39]5)[C:40]([F:41])([F:42])[F:43],"[0, 0, 0, 0, 0, 0, 0, 0, 0, 0, 0, 0, 1, 0, 0, 0, 0, 0, 0, 0, 0, 0, 0, 0, 0, 0, 0, 0, 0, 0, 0, 0, 0, 0, 0, 0, 0, 0, 0, 0, 0, 0, 0, 0, 0, 0, 0]"
[O:1]=[C:2]1[N:3]([c:4]2[cH:5][cH:6][c:7]([Cl:8])[cH:9][c:10]2[C:11](=[N:12][CH2:13]1)[c:14]3[cH:15][cH:16][cH:17][cH:18][cH:19]3)[CH3:20],"[0, 0, 0, 0, 0, 0, 0, 0, 0, 0, 0, 0, 0, 0, 0, 0, 0, 0, 1, 0, 0, 0]"
[OH:1][CH:2]1[CH:3]([O:4][CH:5]([CH3:6])[CH2:7][CH:8]1[N:9]([CH3:10])[CH3:11])[O:12][CH:13]2[CH:14]([CH3:15])[CH:16]([O:17][CH:18]3[O:19][CH:20]([CH3:21])[CH:22]([OH:23])[C:24]([O:25][CH3:26])([CH3:27])[CH2:28]3)[CH:29]([CH3:30])[CH2:31][O:32][CH:33]([CH2:34][CH3:35])[C:36]([OH:37])([CH3:38])[CH:39]([OH:40])[CH:41]([CH3:42])[CH2:43][CH:44]([CH3:45])[CH2:46][C:47]2([OH:48])[CH3:49],"[0, 0, 0, 0, 0, 0, 0, 0, 1, 0, 0, 0, 0, 0, 0, 0, 0, 0, 0, 0, 0, 0, 0, 0, 0, 0, 0, 0, 0, 0, 0, 0, 0, 0, 0, 0, 0, 0, 0, 0, 0, 0, 0, 0, 0, 0, 0, 0, 0, 0, 0]"
[cH:1]1[cH:2][cH:3][c:4]2[c:5]([cH:6]1)[cH:7][c:8]3[cH:9][cH:10][c:11]4[cH:12][cH:13][cH:14][c:15]5[c:16]6[cH:17][cH:18][cH:19][cH:20][c:21]6[c:22]2[c:23]3[c:24]45,"[0, 1, 0, 0, 0, 0, 0, 0, 0, 0, 0, 0, 0, 0, 0, 0, 0, 0, 0, 0, 0, 0, 0, 1, 0, 0, 0, 0, 0]"
[O:1]=[C:2]([O:3][CH3:4])[C:5]1=[C:6]([NH:7][C:8](=[C:9]([C:10](=[O:11])[O:12][CH2:13][CH2:14][N:15]([CH3:16])[CH2:17][c:30]2[cH:31][cH:32][cH:33][cH:34][cH:35]2)[CH:18]1[c:19]3[cH:20][cH:21][cH:22][c:23]([cH:24]3)[N+:25](=[O:26])[O-:27])[CH3:28])[CH3:29],"[0, 0, 0, 0, 0, 0, 0, 0, 0, 0, 0, 0, 0, 0, 0, 1, 0, 0, 0, 0, 0, 0, 0, 0, 0, 0, 0, 0, 0, 0, 0, 0, 0, 0, 0, 0, 0]"
[O:1]=[C:2]([N:3]([c:4]1[c:5]([cH:6][cH:7][cH:8][c:9]1[CH2:10][CH3:11])[CH2:12][CH3:13])[CH2:14][O:15][CH2:16][CH2:17][CH2:18][CH3:19])[CH2:20][Cl:21],"[0, 0, 0, 0, 0, 0, 0, 0, 0, 0, 0, 0, 1, 0, 0, 0, 0, 0, 0, 0, 0]"
[O:1]=[C:2]([O:3][CH3:4])[C:5]12[c:6]3[nH:7][c:8]4[cH:9][cH:10][cH:11][cH:12][c:13]4[c:14]3[CH2:15][CH2:16][N:17]5[CH2:18][CH:19]([CH2:20][CH:21]([CH2:22][CH2:23][O:24][CH3:25])[CH:26]15)[CH2:27]2,"[0, 0, 0, 0, 0, 0, 0, 0, 0, 0, 0, 0, 0, 0, 0, 0, 0, 0, 0, 0, 0, 0, 0, 1, 0, 0, 0, 0, 0, 0, 0]"
[Cl:1][c:2]1[cH:3][cH:4][c:5]([cH:6][cH:7]1)[CH:8]=[C:9]2[c:10]3[cH:11][c:12]([Cl:13])[cH:14][cH:15][c:16]3-[c:17]4[c:18]2[cH:19][c:20]([Cl:21])[cH:22][c:23]4[CH:24]([OH:25])[CH2:26][N:27]([CH2:28][CH2:29][CH2:30][CH3:31])[CH2:32][CH2:33][CH2:34][CH3:35],"[0, 0, 0, 0, 0, 0, 0, 0, 0, 0, 0, 0, 0, 0, 0, 0, 0, 0, 0, 0, 0, 0, 0, 0, 0, 0, 1, 0, 0, 0, 0, 0, 0, 0, 0, 0, 0, 0]"
[O:1]=[C:2]([c:3]1[c:4]([n:5][cH:6][n:7][c:8]1[CH3:9])[CH3:10])[N:11]2[CH2:12][CH2:13][C:14]([N:15]3[CH2:16][CH2:17][N:18]([CH:19]([c:20]4[cH:21][cH:22][c:23]([cH:24][cH:25]4)[C:26]([F:27])([F:28])[F:29])[CH2:30][O:31][CH3:32])[CH:33]([CH3:34])[CH2:35]3)([CH3:36])[CH2:37][CH2:38]2,"[0, 0, 0, 0, 0, 0, 0, 0, 0, 0, 0, 0, 0, 0, 0, 0, 0, 0, 0, 0, 0, 0, 0, 0, 0, 0, 0, 0, 0, 0, 1, 0, 0, 0, 0, 0, 0, 0, 0, 0, 0]"
[O:1]=[N:2][N:3]([CH3:4])[CH2:5][CH2:6][CH2:7][C:8](=[O:9])[c:10]1[cH:11][n:12][cH:13][cH:14][cH:15]1,"[0, 0, 1, 1, 0, 0, 0, 0, 0, 0, 0, 0, 0, 0, 0]"
[OH:1][c:2]1[cH:3][cH:4][c:5]2[c:6]3[c:7]1[O:8][CH:9]4[CH:10]([OH:11])[CH:12]=[CH:13][CH:14]5[CH:15]([CH2:16]2)[CH2:17][N:18]([CH3:19])[CH2:20][C:21]345,"[0, 0, 0, 0, 0, 0, 0, 0, 0, 0, 0, 0, 0, 0, 0, 0, 0, 1, 0, 0, 0, 0, 0, 0, 0]"
[OH:1][CH:2]([c:3]1[cH:4][cH:5][n:6][c:7]2[cH:8][cH:9][c:10]([O:11][CH3:12])[cH:13][c:14]12)[CH:15]3[N:16]4[CH2:17][CH2:18][CH:19]([CH2:20]3)[CH:21]([CH:22]=[CH2:23])[CH2:24]4,"[0, 0, 0, 0, 0, 0, 0, 0, 0, 0, 1, 0, 0, 0, 0, 0, 0, 0, 0, 0, 0, 0, 0, 0, 0, 0, 0]"
[O:1]=[N:2][N:3]([CH2:4][CH2:5][CH2:6][CH2:7][CH3:8])[CH2:9][CH2:10][CH2:11][CH2:12][CH3:13],"[0, 0, 1, 0, 0, 0, 0, 0, 0, 0, 0, 0]"
[O:1]=[C:2]1[O:3][C:4]([C:5](=[O:6])[N:7]1[CH3:8])([CH3:9])[CH3:10],"[0, 0, 0, 0, 0, 0, 1, 0, 0, 0]"
[O:1]=[c:2]1[n:3]([n:4][n:5][n:6]1[CH2:7][CH2:8][N:9]2[CH2:10][CH2:11][C:12]([N:13]([C:14](=[O:15])[CH2:16][CH3:17])[c:18]3[cH:19][cH:20][cH:21][cH:22][cH:23]3)([CH2:24][O:25][CH3:26])[CH2:27][CH2:28]2)[CH2:29][CH3:30],"[0, 0, 0, 0, 0, 0, 0, 1, 0, 0, 0, 0, 0, 0, 0, 0, 0, 0, 0, 0, 0, 0, 0, 0, 0, 0, 0, 0, 0, 0, 0, 0]"
[Cl:1][C:2]([Cl:3])([Cl:4])[CH:5]([c:6]1[cH:7][cH:8][c:9]([O:10][CH3:11])[cH:12][cH:13]1)[c:14]2[cH:15][cH:16][c:17]([OH:18])[c:19]([OH:20])[cH:21]2,"[0, 0, 0, 0, 0, 0, 0, 0, 0, 1, 0, 0, 0, 0, 0, 0, 0, 0, 0, 0, 0, 0]"
[O:1]=[C:2]([NH:3][c:4]1[cH:5][cH:6][c:7]([O:8][CH3:9])[cH:10][c:11]1[C:12](=[O:13])[NH:14][c:15]2[n:16][cH:17][c:18]([Cl:19])[cH:20][cH:21]2)[c:22]3[cH:23][cH:24][c:25]([cH:26][cH:27]3)[C:28](=[NH:29])[N:30]([CH3:31])[CH3:32],"[0, 0, 0, 0, 0, 0, 0, 1, 0, 0, 0, 0, 0, 0, 0, 0, 0, 0, 0, 0, 0, 0, 0, 0, 0, 0, 0, 0, 0, 1, 0, 0, 0, 0]"
[O:1]=[S:2](=[O:3])([N:4]1[CH2:5][CH2:6][CH2:7][CH2:8]1)[CH2:9][c:10]2[cH:11][cH:12][c:13]3[nH:14][cH:15][c:16]([c:17]3[cH:18]2)[CH2:19][CH2:20][N:21]([CH3:22])[CH3:23],"[0, 0, 0, 0, 0, 0, 0, 0, 0, 0, 0, 0, 0, 0, 0, 0, 0, 0, 0, 0, 0, 1, 0, 0, 0]"
[O:1]=[c:2]1[o:3][c:4]2[cH:5][c:6]([O:7][CH2:8][c:9]3[cH:10][c:11]([cH:12][cH:13][c:14]3[C:15]([F:16])([F:17])[F:18])[C:19]([F:20])([F:21])[F:22])[cH:23][cH:24][c:25]2[c:26]([cH:27]1)[C:28]([F:29])([F:30])[F:31],"[0, 0, 0, 0, 0, 0, 1, 0, 0, 0, 0, 0, 0, 0, 0, 0, 0, 0, 0, 0, 0, 0, 0, 0, 0, 0, 0, 0, 0, 0, 0, 0, 0]"
[O:1]=[c:2]1[cH:3][c:4]([o:5][c:6]2[c:7]([O:8][CH3:9])[c:10]([O:11][CH3:12])[c:13]([O:14][CH3:15])[c:16]([O:17][CH3:18])[c:19]12)-[c:20]3[cH:21][cH:22][c:23]([O:24][CH3:25])[cH:26][cH:27]3,"[0, 0, 0, 0, 0, 0, 0, 0, 0, 0, 0, 0, 0, 1, 0, 0, 1, 0, 0, 0, 0, 0, 0, 1, 0, 0, 0, 0, 0]"
[O:1]=[C:2]1[N:3]([c:4]2[s:5][c:6]([cH:7][c:8]2[C:9](=[N:10][CH2:11]1)[c:12]3[cH:13][cH:14][cH:15][cH:16][c:17]3[Cl:18])[CH2:19][CH3:20])[CH3:21],"[0, 0, 0, 0, 0, 0, 0, 0, 0, 0, 0, 0, 0, 0, 0, 0, 0, 0, 0, 1, 0, 0, 0]"
[O:1]=[C:2]([O:3][CH2:4][C:5]#[C:6][CH2:7][N:8]([CH2:9][CH3:10])[CH2:11][CH3:12])[C:13]([OH:14])([c:15]1[cH:16][cH:17][cH:18][cH:19][cH:20]1)[CH:21]2[CH2:22][CH2:23][CH2:24][CH2:25][CH2:26]2,"[0, 0, 0, 0, 0, 0, 0, 0, 0, 1, 0, 0, 0, 0, 0, 0, 0, 0, 0, 0, 0, 0, 0, 0, 0, 0, 0]"
[O:1]=[C:2]([O:3][CH:4]1[CH2:5][CH:6]2[N:7]([CH3:8])[CH:9]([CH2:10][CH2:11]2)[CH:12]1[C:13](=[O:14])[O:15][CH3:16])[c:17]3[cH:18][cH:19][cH:20][cH:21][cH:22]3,"[0, 0, 0, 0, 0, 0, 1, 0, 0, 0, 0, 0, 0, 0, 0, 0, 0, 0, 0, 0, 0, 0, 0, 0]"
[O:1]=[C:2]1[CH:3]=[CH:4][C:5]2([C:6](=[CH:7]1)[CH2:8][CH2:9][CH:10]3[CH:11]4[CH2:12][CH:13]5[O:14][CH:15]([O:16][C:17]5([C:18](=[O:19])[CH2:20][OH:21])[C:22]4([CH3:23])[CH2:24][CH:25]([OH:26])[CH:27]23)[CH2:28][CH2:29][CH3:30])[CH3:31],"[0, 0, 0, 0, 0, 0, 0, 0, 0, 0, 0, 0, 0, 1, 1, 0, 0, 0, 0, 0, 0, 0, 0, 0, 0, 0, 0, 0, 0, 0, 0, 0, 0, 0, 0]"
[O:1]=[c:2]1[c:3]([C:4](=[O:5])[N:6]([c:7]2[cH:8][cH:9][cH:10][cH:11][cH:12]2)[CH2:13][CH3:14])[c:15]([OH:16])[c:17]3[c:18]([Cl:19])[cH:20][cH:21][cH:22][c:23]3[n:24]1[CH3:25],"[0, 0, 0, 0, 0, 0, 0, 0, 0, 0, 0, 1, 0, 0, 0, 0, 0, 0, 0, 0, 0, 0, 0, 1, 0, 0, 0]"
[O:1]=[C:2]([OH:3])[c:4]1[cH:5][cH:6][c:7]([cH:8][cH:9]1)[CH2:10][O:11][CH:12]2[O:13][CH:14]3[O:15][C:16]4([O:17][O:18][C:19]35[CH:20]([CH2:21][CH2:22]4)[CH:23]([CH3:24])[CH2:25][CH2:26][CH:27]5[CH:28]2[CH3:29])[CH3:30],"[0, 0, 0, 0, 0, 0, 0, 0, 0, 1, 0, 0, 0, 0, 0, 0, 0, 0, 0, 0, 0, 0, 0, 0, 0, 0, 0, 0, 0, 0, 0, 0, 0, 0]"
[O:1]=[C:2]([NH:3][c:4]1[c:5]([Cl:6])[cH:7][cH:8][cH:9][c:10]1[CH3:11])[c:12]2[s:13][c:14]([n:15][cH:16]2)[NH:17][c:18]3[n:19][c:20]([n:21][c:22]([cH:23]3)[N:24]4[CH2:25][CH2:26][N:27]([CH2:28][CH2:29][OH:30])[CH2:31][CH2:32]4)[CH3:33],"[0, 0, 0, 0, 0, 0, 0, 0, 0, 0, 0, 0, 0, 0, 0, 0, 0, 0, 0, 0, 0, 0, 0, 0, 0, 0, 1, 0, 0, 0, 0, 0, 0, 0, 0, 0]"
[O:1]=[C:2]([c:3]1[s:4][cH:5][cH:6][cH:7]1)[c:8]2[cH:9][n:10][n:11]3[c:12]2[n:13][cH:14][cH:15][c:16]3-[c:17]4[cH:18][cH:19][cH:20][c:21]([cH:22]4)[N:23]([C:24](=[O:25])[CH3:26])[CH3:27],"[0, 0, 0, 0, 0, 0, 0, 0, 0, 0, 0, 0, 0, 0, 0, 0, 0, 0, 0, 0, 0, 0, 0, 0, 0, 1, 0, 0, 0, 0]"
[O:1]=[S:2](=[O:3])([NH2:4])[c:5]1[s:6][c:7]2[c:8]([cH:9]1)[CH:10]([NH:11][CH2:12][CH3:13])[CH2:14][N:15]([CH2:16][CH2:17][CH2:18][O:19][CH3:20])[S:21]2(=[O:22])=[O:23],"[0, 0, 0, 0, 0, 0, 0, 0, 0, 0, 1, 0, 0, 0, 0, 0, 0, 0, 0, 0, 0, 0, 0, 0]"
[O:1]=[C:2]([O:3][CH3:4])[c:5]1[cH:6][cH:7][c:8]2[c:9]([cH:10]1)[NH:11][C:12](=[O:13])[C:14]2=[C:15]([NH:16][c:17]3[cH:18][cH:19][c:20]([cH:21][cH:22]3)[N:23]([C:24](=[O:25])[CH2:26][N:27]4[CH2:28][CH2:29][N:30]([CH3:31])[CH2:32][CH2:33]4)[CH3:34])[c:35]5[cH:36][cH:37][cH:38][cH:39][cH:40]5,"[0, 0, 0, 0, 0, 0, 0, 0, 0, 0, 0, 0, 0, 0, 0, 0, 0, 0, 0, 0, 0, 0, 0, 0, 0, 0, 0, 0, 0, 1, 0, 0, 0, 0, 0, 0, 0, 0, 0, 0, 0, 0, 0, 0]"
[O:1]=[C:2]([O:3][CH2:4][CH3:5])[N:6]1[CH2:7][CH2:8][C:9](=[C:10]2[c:11]3[n:12][cH:13][cH:14][cH:15][c:16]3[CH2:17][CH2:18][c:19]4[cH:20][c:21]([Cl:22])[cH:23][cH:24][c:25]24)[CH2:26][CH2:27]1,"[0, 0, 0, 0, 1, 0, 0, 0, 0, 0, 0, 0, 0, 0, 0, 0, 0, 0, 0, 0, 0, 0, 0, 0, 0, 0, 0, 0, 0, 0]"
[O:1]([c:2]1[cH:3][cH:4][c:5]2[c:6]([cH:7]1)[C:8]34[CH2:9][CH2:10][N:11]([CH3:12])[CH:13]([CH2:14]2)[CH:15]3[CH2:16][CH2:17][CH2:18][CH2:19]4)[CH3:20],"[0, 0, 0, 0, 0, 0, 0, 0, 0, 0, 1, 0, 0, 0, 0, 0, 0, 0, 1, 0, 0, 0, 0]"
[O:1]=[C:2]([O:3][CH2:4][CH3:5])[C:6]1([c:7]2[cH:8][cH:9][cH:10][cH:11][cH:12]2)[CH2:13][CH2:14][N:15]([CH3:16])[CH2:17][CH2:18]1,"[0, 0, 0, 0, 0, 0, 0, 0, 0, 0, 0, 0, 0, 0, 1, 0, 0, 0, 0]"
[Cl:1][c:2]1[cH:3][cH:4][c:5]([cH:6][cH:7]1)[N:8]([CH2:9][c:10]2[n:11][n:12][n:13]([n:14]2)[CH3:15])[CH:16]3[c:17]4[cH:18][c:19]([NH2:20])[cH:21][cH:22][c:23]4[O:24][C:25]([CH3:26])([CH:27]([O:28][CH3:29])[O:30][CH3:31])[CH:32]3[OH:33],"[0, 0, 0, 0, 0, 0, 0, 0, 0, 0, 0, 0, 0, 0, 1, 0, 0, 0, 0, 0, 0, 0, 0, 0, 0, 0, 0, 0, 0, 0, 0, 0, 0, 0, 0, 0]"
[O:1]=[C:2]([O:3][C:4]([C:5]#[C:6][CH2:7][N:8]([CH2:9][CH3:10])[CH2:11][CH3:12])([CH3:13])[CH3:14])[C:15]([OH:16])([c:17]1[cH:18][cH:19][cH:20][cH:21][cH:22]1)[CH:23]2[CH2:24][CH2:25][CH2:26][CH2:27][CH2:28]2,"[0, 0, 0, 0, 0, 0, 0, 0, 0, 1, 0, 0, 0, 0, 0, 0, 0, 0, 0, 0, 0, 0, 0, 0, 0, 0, 0, 0, 0]"
[O:1]=[C:2]([CH2:3][CH3:4])[C:5]1([c:6]2[cH:7][cH:8][cH:9][c:10]([OH:11])[cH:12]2)[CH2:13][CH2:14][N:15]([CH3:16])[CH2:17][CH2:18]1,"[0, 0, 0, 0, 0, 0, 0, 0, 0, 0, 0, 0, 0, 0, 1, 0, 0, 0, 0]"
[F:1][c:2]1[cH:3][cH:4][c:5]([cH:6][c:7]1[F:8])[CH:9]2[CH2:10][CH:11]2[NH:12][c:13]3[n:14][c:15]([n:16][c:17]4[c:18]3[n:19][n:20][n:21]4[CH:22]5[CH2:23][CH:24]([O:25][CH2:26][CH2:27][OH:28])[CH:29]([OH:30])[CH:31]5[OH:32])[S:33][CH2:34][CH2:35][CH3:36],"[0, 0, 0, 0, 0, 0, 0, 0, 0, 0, 0, 0, 0, 0, 0, 0, 0, 0, 0, 0, 0, 0, 0, 0, 1, 0, 0, 0, 0, 0, 0, 0, 0, 0, 0, 0, 0, 0, 0, 0]"
[O:1]=[C:2]([OH:3])[CH2:4][CH2:5][CH:6]([NH:7][C:8](=[O:9])[c:10]1[cH:11][cH:12][c:13]([Cl:14])[c:15]([Cl:16])[cH:17]1)[C:18](=[O:19])[N:20]([CH2:21][CH2:22][CH2:23][O:24][CH3:25])[CH2:26][CH2:27][CH2:28][CH2:29][CH3:30],"[0, 0, 0, 0, 0, 0, 0, 0, 0, 0, 0, 0, 0, 0, 0, 0, 0, 0, 0, 0, 0, 0, 0, 1, 0, 0, 0, 0, 0, 0]"
[OH:1][c:2]1[cH:3][c:4]([cH:5][c:6]2[O:7][C:8]([CH3:9])([CH3:10])[CH:11]3[CH:12]([OH:13])[CH:14]=[C:15]([CH3:16])[CH2:17][CH:18]3[c:19]12)[CH2:20][CH2:21][CH2:22][CH2:23][CH3:24],"[0, 0, 0, 0, 0, 0, 0, 0, 0, 0, 0, 1, 0, 0, 0, 0, 0, 0, 0, 0, 0, 0, 0, 0, 0, 0]"
[O:1]=[C:2]1[O:3][CH2:4][c:5]2[c:6]1[c:7]([OH:8])[c:9]([c:10]([O:11][CH3:12])[c:13]2[CH3:14])[CH2:15][CH:16]=[C:17]([CH3:18])[CH2:19][CH2:20][C:21](=[O:22])[OH:23],"[0, 0, 0, 0, 0, 0, 0, 0, 0, 0, 1, 0, 0, 0, 0, 0, 0, 0, 0, 0, 0, 0, 0, 0]"
[Cl:1][c:2]1[cH:3][cH:4][c:5]2[c:6]([n:7][cH:8][cH:9][c:10]2[NH:11][CH:12]([CH3:13])[CH2:14][CH2:15][CH2:16][N:17]([CH2:18][CH3:19])[CH2:20][CH3:21])[cH:22]1,"[0, 0, 0, 0, 0, 0, 0, 0, 0, 0, 0, 0, 0, 0, 0, 0, 1, 0, 0, 0, 0, 0, 0]"
[O:1]=[C:2]([c:3]1[s:4][cH:5][cH:6][cH:7]1)[c:8]2[cH:9][cH:10][c:11]([O:12][CH2:13][CH2:14][CH2:15][OH:16])[c:17]([Cl:18])[c:19]2[Cl:20],"[0, 0, 0, 0, 0, 0, 0, 0, 0, 0, 0, 1, 0, 0, 0, 0, 0, 0, 0, 0, 0]"
[O:1]=[c:2]1[c:3]([NH:4][CH3:5])[c:6]([n:7]([n:8]1-[c:9]2[cH:10][cH:11][cH:12][cH:13][cH:14]2)[CH3:15])[CH3:16],"[0, 0, 0, 1, 0, 0, 0, 0, 0, 0, 0, 0, 0, 0, 0, 0, 0]"
[O:1]=[C:2]1[c:3]2[c:4]3[cH:5][cH:6][cH:7][cH:8][c:9]3[n:10]([c:11]2[CH2:12][CH2:13][N:14]1[CH2:15][c:16]4[n:17][cH:18][nH:19][c:20]4[CH3:21])[CH3:22],"[0, 0, 0, 0, 0, 0, 0, 0, 0, 0, 0, 0, 0, 0, 0, 0, 0, 0, 0, 0, 1, 0, 0, 0, 0]"
[O:1]=[C:2]([c:3]1[cH:4][cH:5][c:6]([O:7][CH2:8][CH2:9][CH2:10][N:11]([CH2:12][CH2:13][CH2:14][CH3:15])[CH2:16][CH2:17][CH2:18][CH3:19])[cH:20][cH:21]1)[c:22]2[c:23]3[cH:24][c:25]([cH:26][cH:27][c:28]3[o:29][c:30]2[CH2:31][CH2:32][CH2:33][CH3:34])[NH:35][S:36](=[O:37])(=[O:38])[CH3:39],"[0, 0, 0, 0, 0, 0, 0, 0, 0, 0, 0, 0, 0, 0, 1, 0, 0, 0, 0, 0, 0, 0, 0, 0, 0, 0, 0, 0, 0, 0, 0, 0, 0, 0, 0, 0, 0, 0, 0, 0, 0]"
[OH:1][c:2]1[cH:3][c:4]([cH:5][c:6]2[O:7][C:8]([CH3:9])([CH3:10])[CH:11]3[CH2:12][CH2:13][C:14](=[CH:15][CH:16]3[c:17]12)[CH3:18])[CH2:19][CH2:20][CH2:21][CH2:22][CH3:23],"[0, 0, 0, 0, 0, 0, 0, 0, 0, 0, 0, 0, 0, 1, 0, 0, 0, 0, 0, 0, 0, 0, 0, 0, 0]"
[O:1]=[N:2][N:3]([CH3:4])[CH2:5][CH3:6],"[0, 0, 1, 1, 0]"
[O:1]=[c:2]1[c:3]2[c:4]([n:5][cH:6][n:7]2[CH3:8])[n:9]([c:10](=[O:11])[n:12]1[CH3:13])[CH3:14],"[0, 0, 0, 0, 0, 0, 1, 0, 0, 0, 0, 0, 0, 0, 0]"
[O:1]=[C:2]1[CH2:3][CH2:4][C:5]2([OH:6])[CH:7]3[N:8]([CH3:9])[CH2:10][CH2:11][C:12]24[c:13]5[c:14]([O:15][CH:16]14)[c:17]([OH:18])[cH:19][cH:20][c:21]5[CH2:22]3,"[0, 0, 0, 0, 0, 0, 0, 1, 0, 0, 0, 0, 0, 0, 0, 0, 0, 0, 0, 0, 0, 0, 0, 0, 0, 0]"
[O:1]([CH2:2][CH2:3][N:4]([CH3:5])[CH3:6])[CH:7]([c:8]1[cH:9][cH:10][cH:11][cH:12][cH:13]1)[c:14]2[cH:15][cH:16][cH:17][cH:18][cH:19]2,"[0, 0, 0, 0, 1, 0, 0, 0, 0, 0, 0, 0, 0, 0, 0, 0, 0, 0, 0, 0]"
[Cl:1][c:2]1[cH:3][cH:4][c:5]([cH:6][c:7]1[CH2:8][c:9]2[cH:10][cH:11][c:12]([O:13][CH2:14][CH2:15][O:16][CH:17]3[CH2:18][CH2:19]3)[cH:20][cH:21]2)[CH:22]4[O:23][CH:24]([CH2:25][OH:26])[CH:27]([OH:28])[CH:29]([OH:30])[CH:31]4[OH:32],"[0, 0, 0, 0, 0, 0, 0, 0, 0, 0, 0, 0, 0, 0, 0, 1, 0, 0, 0, 0, 0, 0, 0, 0, 0, 0, 0, 0, 0, 0, 0, 0, 0, 0, 0]"
[O:1]=[C:2]1[N:3]2[CH:4]([c:5]3[cH:6][cH:7][c:8]4[O:9][CH2:10][O:11][c:12]4[cH:13]3)[c:14]5[nH:15][c:16]6[cH:17][cH:18][cH:19][cH:20][c:21]6[c:22]5[CH2:23][CH:24]2[C:25](=[O:26])[N:27]([CH3:28])[CH2:29]1,"[0, 0, 0, 0, 0, 0, 0, 0, 0, 0, 0, 0, 0, 0, 0, 0, 0, 0, 0, 0, 0, 0, 0, 0, 0, 0, 1, 0, 0, 0, 0, 0, 0, 0]"
[O:1]=[c:2]1[cH:3][c:4]2[c:5]([cH:6][cH:7][c:8]1[O:9][CH3:10])-[c:11]3[c:12]([O:13][CH3:14])[c:15]([O:16][CH3:17])[c:18]([O:19][CH3:20])[cH:21][c:22]3[CH2:23][CH2:24][CH:25]2[NH:26][C:27](=[O:28])[CH3:29],"[0, 0, 0, 0, 0, 0, 0, 0, 0, 0, 0, 0, 0, 0, 0, 1, 0, 0, 1, 0, 0, 0, 0, 0, 0, 0, 0, 0, 0, 0, 0]"
[O:1]=[c:2]1[nH:3][c:4]([n:5][c:6]2[c:7]([n:8][n:9]([c:10]12)[CH3:11])[CH2:12][CH2:13][CH3:14])-[c:15]3[cH:16][c:17]([cH:18][cH:19][c:20]3[O:21][CH2:22][CH3:23])[S:24](=[O:25])(=[O:26])[N:27]4[CH2:28][CH2:29][N:30]([CH3:31])[CH2:32][CH2:33]4,"[0, 0, 0, 0, 0, 0, 0, 0, 0, 0, 0, 0, 0, 0, 0, 0, 0, 0, 0, 0, 0, 0, 0, 0, 0, 0, 0, 0, 0, 1, 0, 0, 0, 0, 0, 0]"
[O:1]=[C:2]1[N:3]([c:4]2[cH:5][cH:6][c:7]([cH:8][c:9]2[C:10](=[N:11][CH2:12]1)[c:13]3[cH:14][cH:15][cH:16][cH:17][c:18]3[F:19])[N+:20](=[O:21])[O-:22])[CH3:23],"[0, 0, 0, 0, 0, 0, 0, 0, 0, 0, 0, 0, 0, 0, 0, 0, 0, 0, 0, 0, 0, 1, 0, 0, 0]"
[Cl:1][c:2]1[n:3][c:4]([n:5][c:6]([n:7]1)[NH:8][CH:9]([CH3:10])[CH3:11])[NH:12][CH2:13][CH3:14],"[0, 0, 0, 0, 0, 0, 0, 1, 0, 0, 0, 1, 0, 0]"
[cH:1]1[cH:2][cH:3][c:4]2[c:5]([cH:6]1)[C:7](=[CH:8][CH2:9][CH2:10][NH:11][CH3:12])[c:13]3[cH:14][cH:15][cH:16][cH:17][c:18]3[CH2:19][CH2:20]2,"[0, 0, 0, 0, 0, 0, 0, 0, 0, 0, 1, 0, 0, 0, 0, 0, 0, 0, 0, 0, 0, 0]"
[O:1]=[S:2](=[O:3])([c:4]1[cH:5][cH:6][cH:7][cH:8][cH:9]1)[CH2:10][CH2:11][c:12]2[cH:13][cH:14][c:15]3[NH:16][CH2:17][CH:18]([c:19]3[cH:20]2)[CH2:21][CH:22]4[N:23]([CH3:24])[CH2:25][CH2:26][CH2:27]4,"[0, 0, 0, 0, 0, 0, 0, 0, 0, 0, 0, 0, 0, 0, 0, 0, 0, 0, 0, 0, 0, 0, 1, 0, 0, 0, 0, 0, 0, 0]"
[F:1][C:2]([F:3])([F:4])[c:5]1[cH:6][cH:7][c:8]2[c:9]([cH:10]1)[c:11]3[cH:12][c:13]([Cl:14])[cH:15][c:16]([Cl:17])[c:18]3[cH:19][c:20]2[CH:21]([OH:22])[CH2:23][CH2:24][N:25]([CH2:26][CH2:27][CH2:28][CH3:29])[CH2:30][CH2:31][CH2:32][CH3:33],"[0, 0, 0, 0, 0, 0, 0, 0, 0, 0, 0, 0, 0, 0, 0, 0, 0, 0, 0, 0, 0, 0, 0, 0, 1, 0, 0, 0, 0, 0, 0, 0, 0, 0, 0]"
[O:1]=[C:2]([NH:3][c:4]1[cH:5][cH:6][c:7]([O:8][CH2:9][CH3:10])[cH:11][cH:12]1)[CH3:13],"[0, 0, 0, 0, 0, 0, 0, 1, 0, 0, 0, 0, 0]"
[O:1]=[C:2]1[NH:3][CH2:4][CH2:5][c:6]2[c:7]([nH:8][c:9]3[cH:10][c:11]([F:12])[cH:13][c:14]1[c:15]23)-[c:16]4[cH:17][cH:18][c:19]([cH:20][cH:21]4)[CH2:22][NH:23][CH3:24],"[0, 0, 0, 0, 0, 0, 0, 0, 0, 0, 0, 0, 0, 0, 0, 0, 0, 0, 0, 0, 0, 0, 1, 0, 0, 0, 0]"
[OH:1][C:2]1([CH2:3][CH2:4][CH2:5][CH2:6][CH2:7]1)[CH:8]([c:9]2[cH:10][cH:11][c:12]([O:13][CH3:14])[cH:15][cH:16]2)[CH2:17][NH:18][CH3:19],"[0, 0, 0, 0, 0, 0, 0, 0, 0, 0, 0, 0, 1, 0, 0, 0, 0, 0, 0, 0]"
[O:1]=[C:2]([OH:3])[CH2:4][CH:5]([c:6]1[cH:7][n:8][c:9]([O:10][CH3:11])[cH:12][cH:13]1)[N:14]2[C:15](=[O:16])[N:17]([CH2:18][CH2:19]2)[CH2:20][CH2:21][CH2:22][c:23]3[n:24][c:25]4[NH:26][CH2:27][CH2:28][CH2:29][c:30]4[cH:31][cH:32]3,"[0, 0, 0, 0, 0, 0, 0, 0, 0, 1, 0, 0, 0, 0, 0, 0, 0, 0, 0, 0, 0, 0, 0, 0, 0, 0, 0, 0, 0, 0, 0, 0, 0, 0, 0]"
[OH:1][CH:2]([c:3]1[cH:4][cH:5][c:6]([cH:7][cH:8]1)[C:9]([CH3:10])([CH3:11])[CH3:12])[CH2:13][CH2:14][CH2:15][N:16]2[CH2:17][CH2:18][CH:19]([CH2:20][CH2:21]2)[C:22]([OH:23])([c:24]3[cH:25][cH:26][cH:27][cH:28][cH:29]3)[c:30]4[cH:31][cH:32][cH:33][cH:34][cH:35]4,"[0, 0, 0, 0, 0, 0, 0, 0, 0, 0, 0, 0, 0, 0, 1, 0, 0, 0, 0, 0, 0, 0, 0, 0, 0, 0, 0, 0, 0, 0, 0, 0, 0, 0, 0, 0, 0, 0]"
[O:1]1[c:2]2[cH:3][cH:4][cH:5][cH:6][c:7]2[C:8](=[CH:9][CH2:10][CH2:11][N:12]([CH3:13])[CH3:14])[c:15]3[cH:16][cH:17][cH:18][cH:19][c:20]3[CH2:21]1,"[0, 0, 0, 0, 0, 0, 0, 0, 0, 0, 0, 1, 0, 0, 0, 0, 0, 0, 0, 0, 0, 0, 0]"
[OH:1][c:2]1[cH:3][cH:4][c:5]2[c:6]3[c:7]1[O:8][CH:9]4[C:10]5([O:11][CH3:12])[CH2:13][CH2:14][C:15]6([CH2:16][CH:17]5[C:18]([OH:19])([CH3:20])[C:21]([CH3:22])([CH3:23])[CH3:24])[CH:25]([N:26]([CH2:27][CH2:28][C:29]346)[CH2:30][CH:31]7[CH2:32][CH2:33]7)[CH2:34]2,"[0, 0, 0, 0, 0, 0, 0, 0, 0, 0, 0, 0, 0, 0, 0, 0, 0, 0, 0, 0, 0, 0, 0, 0, 0, 0, 0, 0, 1, 0, 0, 0, 0, 0, 0, 0, 0, 0, 0, 0]"
[O:1]=[c:2]1[c:3]([cH:4][n:5]([n:6]1-[c:7]2[cH:8][cH:9][cH:10][cH:11][cH:12]2)[CH3:13])[N:14]([CH3:15])[CH3:16],"[0, 0, 0, 0, 0, 0, 0, 0, 0, 0, 0, 0, 0, 1, 0, 0, 0]"
[S:1]=[P:2]([O:3][c:4]1[n:5][c:6]([Cl:7])[c:8]([Cl:9])[cH:10][c:11]1[Cl:12])([O:13][CH2:14][CH3:15])[O:16][CH2:17][CH3:18],"[0, 1, 0, 0, 0, 0, 0, 0, 0, 0, 0, 0, 0, 0, 0, 0, 0, 0]"
[N:1]#[C:2][C:3]([c:4]1[cH:5][cH:6][c:7]([O:8][CH3:9])[c:10]([O:11][CH3:12])[cH:13]1)([CH2:14][CH2:15][CH2:16][N:17]([CH3:18])[CH2:19][CH2:20][c:21]2[cH:22][cH:23][c:24]([O:25][CH3:26])[c:27]([OH:28])[cH:29]2)[CH:30]([CH3:31])[CH3:32],"[0, 0, 0, 0, 0, 0, 0, 0, 0, 0, 0, 0, 0, 0, 0, 0, 1, 0, 0, 0, 0, 0, 0, 0, 0, 0, 0, 0, 0, 0, 0, 0, 0]"
[F:1][C:2]([F:3])([F:4])[c:5]1[cH:6][cH:7][c:8]([O:9][CH:10]([c:11]2[cH:12][cH:13][cH:14][cH:15][cH:16]2)[CH2:17][CH2:18][NH2:19])[cH:20][cH:21]1,"[0, 0, 0, 0, 0, 0, 0, 0, 1, 0, 0, 0, 0, 0, 0, 0, 0, 0, 0, 0, 0, 0]"
[Cl:1][c:2]1[cH:3][cH:4][c:5]([cH:6][cH:7]1)[NH:8][C:9](=[NH:10])[NH:11][C:12](=[NH:13])[NH:14][CH:15]([CH3:16])[CH3:17],"[0, 0, 0, 0, 0, 0, 0, 0, 0, 0, 0, 0, 0, 1, 0, 0, 0]"
[O:1]=[C:2]([OH:3])[CH2:4][CH:5]([OH:6])[CH2:7][CH:8]([OH:9])[CH:10]=[CH:11][c:12]1[c:13]([n:14][c:15]([c:16]([c:17]1-[c:18]2[cH:19][cH:20][c:21]([F:22])[cH:23][cH:24]2)[CH2:25][O:26][CH3:27])[CH:28]([CH3:29])[CH3:30])[CH:31]([CH3:32])[CH3:33],"[0, 0, 0, 0, 0, 0, 0, 0, 0, 0, 0, 0, 0, 0, 0, 0, 0, 0, 0, 0, 0, 0, 0, 0, 0, 1, 0, 0, 0, 0, 0, 0, 0, 0]"
[cH:1]1[cH:2][cH:3][c:4]2[c:5]([cH:6]1)[cH:7][cH:8][c:9]3[cH:10][c:11]4[c:12]([cH:13][cH:14][c:15]5[cH:16][cH:17][cH:18][cH:19][c:20]45)[cH:21][c:22]23,"[0, 1, 0, 0, 0, 0, 1, 0, 0, 0, 0, 0, 1, 0, 0, 1, 0, 1, 0, 0, 0, 1, 0, 0, 0, 0]"
[O:1]=[c:2]1[nH:3][c:4]2[cH:5][cH:6][cH:7][cH:8][c:9]2[n:10]1[CH:11]3[CH2:12][CH2:13][N:14]([CH2:15][CH2:16][CH2:17][CH:18]([c:19]4[cH:20][cH:21][c:22]([F:23])[cH:24][cH:25]4)[c:26]5[cH:27][cH:28][c:29]([F:30])[cH:31][cH:32]5)[CH2:33][CH2:34]3,"[0, 0, 0, 0, 0, 0, 0, 0, 0, 0, 0, 0, 0, 1, 0, 0, 0, 0, 0, 0, 0, 0, 0, 0, 0, 0, 0, 0, 0, 0, 0, 0, 0, 0, 0, 0, 0, 0]"
[O:1]=[C:2]([OH:3])[CH2:4][CH:5]([OH:6])[CH2:7][CH:8]([OH:9])[CH:10]=[CH:11][c:12]1[c:13](-[c:14]2[cH:15][cH:16][c:17]([F:18])[cH:19][cH:20]2)[c:21]3[cH:22][cH:23][cH:24][cH:25][c:26]3[n:27]1[CH:28]([CH3:29])[CH3:30],"[0, 0, 0, 0, 0, 0, 0, 0, 0, 0, 0, 0, 0, 0, 0, 0, 0, 0, 0, 0, 0, 0, 0, 0, 0, 0, 1, 0, 0, 0, 0, 0]"
[cH:1]1[cH:2][cH:3][c:4]2[c:5]([cH:6]1)[CH:7]=[CH:8][c:9]3[cH:10][cH:11][cH:12][cH:13][c:14]3[C:15]2=[CH:16][CH2:17][CH2:18][N:19]([CH3:20])[CH3:21],"[0, 0, 0, 0, 0, 0, 0, 0, 0, 0, 0, 0, 0, 0, 0, 0, 0, 0, 1, 0, 0, 0, 0]"
[Br:1][c:2]1[cH:3][cH:4][c:5]2[n:6][c:7]([O:8][CH3:9])[c:10]([cH:11][c:12]2[cH:13]1)[CH:14]([c:15]3[cH:16][cH:17][cH:18][cH:19][cH:20]3)[C:21]([OH:22])([c:23]4[cH:24][cH:25][cH:26][c:27]5[cH:28][cH:29][cH:30][cH:31][c:32]45)[CH2:33][CH2:34][N:35]([CH3:36])[CH3:37],"[0, 0, 0, 0, 0, 0, 0, 0, 0, 0, 0, 0, 0, 0, 0, 0, 0, 0, 0, 0, 0, 0, 0, 0, 0, 0, 0, 0, 0, 0, 0, 0, 0, 0, 1, 0, 0, 0, 0, 0, 0]"
[O:1]=[C:2]1[S:3][CH:4]([C:5](=[O:6])[NH:7]1)[CH2:8][c:9]2[cH:10][cH:11][c:12]([O:13][CH2:14][CH2:15][N:16]([c:17]3[n:18][cH:19][cH:20][cH:21][cH:22]3)[CH3:23])[cH:24][cH:25]2,"[0, 0, 0, 0, 0, 0, 0, 0, 0, 0, 0, 0, 0, 0, 0, 0, 0, 0, 0, 0, 0, 1, 0, 0, 0, 0, 0]"
[O:1]=[C:2]([NH:3][CH3:4])[c:5]1[cH:6][cH:7][cH:8][c:9]([cH:10]1)[NH:11][CH2:12][C:13](=[O:14])[NH:15][CH2:16][CH2:17][c:18]2[cH:19][cH:20][c:21]([O:22][CH3:23])[c:24]([O:25][CH3:26])[cH:27]2,"[0, 0, 0, 0, 0, 0, 0, 0, 0, 0, 1, 0, 0, 0, 0, 0, 0, 0, 0, 0, 0, 0, 0, 0, 0, 0, 0, 0]"
[O:1]=[S:2]([c:3]1[n:4][c:5]2[cH:6][cH:7][c:8]([O:9][CH3:10])[cH:11][c:12]2[nH:13]1)[CH2:14][c:15]3[n:16][cH:17][c:18]([c:19]([O:20][CH3:21])[c:22]3[CH3:23])[CH3:24],"[0, 0, 0, 0, 0, 0, 0, 0, 1, 0, 0, 0, 0, 0, 0, 0, 0, 0, 0, 0, 0, 0, 0, 0, 0, 0]"
[O:1]=[c:2]1[o:3][c:4]2[cH:5][c:6]([O:7][CH2:8][CH2:9][CH2:10][CH2:11][CH3:12])[cH:13][cH:14][c:15]2[cH:16][cH:17]1,"[0, 0, 0, 0, 0, 0, 1, 0, 0, 0, 0, 0, 0, 0, 0, 0, 0, 0]"
[OH:1][C:2]1([CH2:3][CH2:4][CH2:5][CH2:6][CH2:7]1)[CH:8]([c:9]2[cH:10][cH:11][c:12]([O:13][CH3:14])[cH:15][cH:16]2)[CH2:17][N:18]([CH3:19])[CH3:20],"[0, 0, 0, 0, 0, 0, 0, 0, 0, 0, 0, 0, 1, 0, 0, 0, 0, 1, 0, 0, 0]"
[S:1]1[c:2]2[cH:3][cH:4][cH:5][cH:6][c:7]2[N:8]([c:9]3[cH:10][cH:11][cH:12][cH:13][c:14]13)[CH2:15][CH2:16][CH2:17][N:18]4[CH2:19][CH2:20][N:21]([CH3:22])[CH2:23][CH2:24]4,"[0, 0, 0, 0, 0, 0, 0, 0, 0, 0, 0, 0, 0, 0, 0, 0, 0, 0, 0, 0, 1, 0, 0, 0, 0, 0, 0]"
[O:1]=[C:2]([N:3]([CH2:4][CH3:5])[CH2:6][CH3:7])[C:8]1([c:9]2[cH:10][cH:11][cH:12][cH:13][cH:14]2)[CH2:15][CH:16]1[CH2:17][NH2:18],"[0, 0, 1, 0, 0, 0, 0, 0, 0, 0, 0, 0, 0, 0, 0, 0, 0, 0, 0]"
[O:1]=[S:2](=[O:3])([NH:4][CH:5]1[CH2:6][N:7]([CH3:8])[CH:9]2[CH2:10][c:11]3[cH:12][n:13]([c:14]4[cH:15][cH:16][cH:17][c:18]([c:19]34)[CH:20]2[CH2:21]1)[CH2:22][CH3:23])[N:24]([CH2:25][CH3:26])[CH2:27][CH3:28],"[0, 0, 0, 0, 0, 0, 0, 0, 0, 0, 0, 0, 0, 0, 0, 0, 0, 0, 0, 0, 0, 0, 0, 1, 0, 0, 0, 0, 0, 0, 0]"
[O:1]([c:2]1[cH:3][c:4]([cH:5][c:6]2[O:7][CH2:8][O:9][c:10]12)[CH2:11][CH:12]=[CH2:13])[CH3:14],"[0, 0, 0, 0, 0, 0, 1, 1, 0, 0, 0, 0, 0, 0, 0]"
[OH:1][c:2]1[cH:3][cH:4][c:5]2[c:6]3[c:7]1[O:8][CH:9]4[C:10](=[CH2:11])[CH2:12][CH2:13][C:14]5([OH:15])[CH:16]([N:17]([CH2:18][CH2:19][C:20]345)[CH2:21][CH:22]6[CH2:23][CH2:24]6)[CH2:25]2,"[0, 0, 0, 0, 0, 0, 0, 0, 0, 0, 0, 0, 0, 0, 0, 0, 0, 0, 0, 1, 0, 0, 0, 0, 0, 0, 0, 0, 0, 0]"
[F:1][c:2]1[cH:3][cH:4][c:5]([cH:6][cH:7]1)-[c:8]2[cH:9][c:10]([n:11][c:12]3[c:13]2[CH2:14][CH2:15][CH2:16][CH2:17][CH2:18][CH2:19]3)[N:20]4[CH2:21][CH2:22][NH:23][CH2:24][CH2:25]4,"[0, 0, 0, 0, 0, 0, 0, 0, 0, 0, 0, 0, 0, 0, 0, 0, 0, 0, 0, 0, 0, 0, 0, 0, 0, 0, 0, 1]"
[O:1]=[C:2]([NH:3][CH3:4])[NH:5][CH:6]1[CH2:7][CH2:8][CH:9]([CH2:10][CH2:11][N:12]2[CH2:13][CH2:14][N:15]([c:16]3[cH:17][cH:18][cH:19][c:20]([Cl:21])[c:22]3[Cl:23])[CH2:24][CH2:25]2)[CH2:26][CH2:27]1,"[0, 0, 1, 0, 0, 0, 0, 0, 0, 0, 0, 0, 0, 0, 0, 0, 0, 0, 0, 0, 0, 0, 0, 0, 0, 0, 0, 0, 0]"
[Cl:1][C:2]([Cl:3])([Cl:4])[CH:5]([c:6]1[cH:7][cH:8][c:9]([O:10][CH3:11])[cH:12][cH:13]1)[c:14]2[cH:15][cH:16][c:17]([O:18][CH3:19])[cH:20][cH:21]2,"[0, 0, 0, 0, 0, 0, 0, 0, 0, 0, 0, 0, 0, 0, 0, 0, 0, 1, 0, 0, 0, 0]"
[O:1]=[N:2][N:3]([CH3:4])[CH3:5],"[0, 0, 1, 0]"
[S:1]=[P:2]([O:3][c:4]1[n:5][c:6]([n:7][c:8]([cH:9]1)[CH3:10])[CH:11]([CH3:12])[CH3:13])([O:14][CH2:15][CH3:16])[O:17][CH2:18][CH3:19],"[0, 1, 0, 0, 0, 0, 0, 0, 0, 0, 0, 0, 0, 0, 0, 0, 0, 0, 0]"
[O:1]([c:2]1[cH:3][cH:4][c:5]([cH:6][cH:7]1)[C:8]([c:9]2[cH:10][cH:11][cH:12][cH:13][cH:14]2)=[C:15]([c:16]3[cH:17][cH:18][cH:19][cH:20][cH:21]3)[CH2:22][CH3:23])[CH2:24][CH2:25][N:26]([CH3:27])[CH3:28],"[0, 0, 0, 0, 0, 0, 0, 0, 0, 0, 0, 0, 0, 0, 0, 0, 0, 0, 0, 0, 0, 0, 0, 0, 0, 1, 0, 0, 0, 0]"
[O:1]=[C:2]([c:3]1[cH:4][cH:5][c:6]([cH:7][cH:8]1)[C:9]([CH3:10])([CH3:11])[CH3:12])[CH2:13][CH2:14][N:15]2[CH2:16][CH2:17][CH:18]([O:19][CH:20]([c:21]3[cH:22][cH:23][cH:24][cH:25][cH:26]3)[c:27]4[cH:28][cH:29][cH:30][cH:31][cH:32]4)[CH2:33][CH2:34]2,"[0, 0, 0, 0, 0, 0, 0, 0, 0, 0, 0, 0, 0, 1, 0, 0, 0, 0, 0, 0, 0, 0, 0, 0, 0, 0, 0, 0, 0, 0, 0, 0, 0, 0, 0, 0, 0]"
[OH:1][CH2:2][CH2:3][O:4][CH2:5][CH2:6][N:7]1[CH2:8][CH2:9][N:10]([C:11]2=[N:12][c:13]3[cH:14][cH:15][cH:16][cH:17][c:18]3[S:19][c:20]4[cH:21][cH:22][cH:23][cH:24][c:25]24)[CH2:26][CH2:27]1,"[0, 0, 1, 0, 0, 1, 0, 0, 0, 0, 0, 0, 0, 0, 0, 0, 0, 0, 0, 0, 0, 0, 0, 0, 0, 0, 0, 0, 0, 0]"
[Cl:1][c:2]1[cH:3][cH:4][c:5]2[c:6]([cH:7]1)[N:8]([c:9]3[cH:10][cH:11][cH:12][cH:13][c:14]3[CH2:15][CH2:16]2)[CH2:17][CH2:18][CH2:19][N:20]([CH3:21])[CH3:22],"[0, 0, 0, 0, 0, 0, 0, 0, 0, 0, 0, 0, 0, 0, 0, 0, 0, 0, 0, 1, 0, 0, 0, 0]"
[O:1]=[C:2]1[O:3][CH:4]([CH2:5][CH3:6])[C:7]([OH:8])([CH3:9])[CH:10]([OH:11])[CH:12]([C:13](=[O:14])[CH:15]([CH3:16])[CH2:17][C:18]([O:19][CH3:20])([CH3:21])[CH:22]([O:23][CH:24]2[O:25][CH:26]([CH3:27])[CH2:28][CH:29]([N:30]([CH3:31])[CH3:32])[CH:33]2[OH:34])[CH:35]([CH3:36])[CH:37]([O:38][CH:39]3[O:40][CH:41]([CH3:42])[CH:43]([OH:44])[C:45]([O:46][CH3:47])([CH3:48])[CH2:49]3)[CH:50]1[CH3:51])[CH3:52],"[0, 0, 0, 0, 0, 0, 0, 0, 0, 0, 0, 0, 0, 0, 0, 0, 0, 0, 0, 0, 0, 0, 0, 0, 0, 0, 0, 0, 0, 1, 0, 0, 0, 0, 0, 0, 0, 0, 0, 0, 0, 0, 0, 0, 0, 0, 0, 0, 0, 0, 0, 0, 0, 0]"
[F:1][c:2]1[cH:3][cH:4][c:5]([cH:6][cH:7]1)-[c:8]2[cH:9][c:10]([n:11][c:12]3[c:13]2[CH2:14][CH2:15][CH2:16][CH2:17][CH2:18][CH2:19]3)[N:20]4[CH2:21][CH2:22][N:23]([CH2:24][CH3:25])[CH2:26][CH2:27]4,"[0, 0, 0, 0, 0, 0, 0, 0, 0, 0, 0, 0, 0, 0, 0, 0, 0, 0, 0, 0, 0, 0, 1, 0, 0, 0, 0, 0, 0, 0]"
[O:1]=[C:2]([N:3]([c:4]1[cH:5][cH:6][cH:7][cH:8][cH:9]1)[CH:10]2[CH2:11][CH2:12][N:13]([CH2:14][CH2:15][c:16]3[cH:17][cH:18][cH:19][cH:20][cH:21]3)[CH2:22][CH2:23]2)[CH2:24][CH3:25],"[0, 0, 0, 0, 0, 0, 0, 0, 0, 0, 0, 0, 1, 0, 0, 0, 0, 0, 0, 0, 0, 0, 0, 0, 0, 0, 0]"
[O:1]=[N+:2]([O-:3])[c:4]1[cH:5][cH:6][c:7]([O:8][P:9](=[S:10])([O:11][CH2:12][CH3:13])[O:14][CH2:15][CH3:16])[cH:17][cH:18]1,"[0, 0, 0, 0, 0, 0, 0, 1, 0, 0, 0, 0, 0, 0, 0, 0, 0, 0]"
[O:1]=[C:2]([OH:3])[CH:4]1[N:5]=[C:6]([c:7]2[cH:8][cH:9][cH:10][cH:11][cH:12]2)[c:13]3[cH:14][c:15]([Cl:16])[cH:17][cH:18][c:19]3[NH:20][C:21]1=[O:22],"[0, 0, 1, 0, 0, 0, 0, 0, 0, 0, 0, 0, 0, 0, 0, 0, 0, 0, 0, 0, 0, 0, 0, 0]"
[O:1]=[c:2]1[nH:3][n:4][c:5]([c:6]2[cH:7][cH:8][cH:9][cH:10][c:11]12)[CH:12]([OH:13])[c:14]3[cH:15][cH:16][c:17]([F:18])[c:19]([cH:20]3)[C:21](=[O:22])[N:23]4[CH2:24][CH2:25][N:26]([C:27](=[O:28])[CH:29]5[CH2:30][CH2:31]5)[CH2:32][CH2:33]4,"[0, 0, 0, 0, 0, 0, 0, 0, 0, 0, 0, 1, 0, 0, 0, 0, 0, 0, 0, 0, 0, 0, 0, 0, 0, 0, 0, 0, 0, 0, 0, 0, 0, 0, 0, 0, 0]"
[O:1]=[C:2]([NH:3][CH:4]1[CH2:5][CH2:6][CH:7]([CH2:8][CH2:9][N:10]2[CH2:11][CH2:12][N:13]([c:14]3[cH:15][cH:16][cH:17][c:18]([Cl:19])[c:20]3[Cl:21])[CH2:22][CH2:23]2)[CH2:24][CH2:25]1)[N:26]([CH3:27])[CH3:28],"[0, 0, 0, 0, 0, 0, 0, 0, 0, 0, 0, 0, 0, 0, 0, 0, 0, 0, 0, 0, 0, 0, 0, 0, 0, 0, 1, 0, 0, 0]"
[O:1]=[C:2]1[O:3][C:4]([CH3:5])([CH2:6][O:7][c:8]2[cH:9][cH:10][c:11]([cH:12][cH:13]2)[N:14]3[CH2:15][CH2:16][CH:17]([O:18][c:19]4[cH:20][cH:21][c:22]([O:23][C:24]([F:25])([F:26])[F:27])[cH:28][cH:29]4)[CH2:30][CH2:31]3)[CH:32]([OH:33])[NH:34]1,"[0, 0, 0, 0, 0, 0, 0, 0, 0, 0, 0, 0, 0, 0, 0, 0, 0, 0, 0, 0, 0, 0, 0, 0, 0, 0, 0, 0, 0, 0, 0, 1, 0, 0, 0, 0, 0]"
[O:1]=[C:2]([N:3]([c:4]1[cH:5][cH:6][cH:7][cH:8][cH:9]1)[CH:10]2[CH2:11][CH2:12][N:13]([CH2:14][CH2:15][c:16]3[cH:17][cH:18][cH:19][cH:20][cH:21]3)[CH2:22][CH2:23]2)[CH2:24][CH2:25][CH3:26],"[0, 0, 0, 0, 0, 0, 0, 0, 0, 0, 0, 0, 1, 0, 0, 0, 0, 0, 0, 0, 0, 0, 0, 0, 0, 0, 0, 0]"
[F:1][C:2]([F:3])([F:4])[O:5][c:6]1[cH:7][cH:8][c:9]([O:10][CH:11]2[CH2:12][CH2:13][N:14]([c:15]3[cH:16][cH:17][c:18]([O:19][CH2:20][C:21]4([O:22][C:23](=[N:24][CH:25]4[OH:26])[NH2:27])[CH3:28])[cH:29][cH:30]3)[CH2:31][CH2:32]2)[cH:33][cH:34]1,"[0, 0, 0, 0, 0, 0, 0, 0, 0, 0, 0, 0, 0, 0, 0, 0, 0, 0, 0, 0, 0, 0, 0, 0, 1, 0, 0, 0, 0, 0, 0, 0, 0, 0, 0, 0, 0]"
[O:1]=[C:2]1[O:3][CH2:4][CH:5]2[CH2:6][c:7]3[cH:8][c:9]4[O:10][CH2:11][O:12][c:13]4[cH:14][c:15]3[CH:16]([c:17]5[cH:18][c:19]([O:20][CH3:21])[c:22]([O:23][CH3:24])[c:25]([O:26][CH3:27])[cH:28]5)[CH:29]12,"[0, 0, 0, 0, 0, 0, 0, 0, 0, 1, 1, 0, 0, 0, 0, 0, 0, 0, 0, 1, 0, 0, 1, 0, 0, 0, 0, 0, 0, 0, 0, 0, 0]"
[O:1]=[C:2]1[NH:3][CH2:4][c:5]2[c:6]1[c:7]3[c:8]4[cH:9][cH:10][cH:11][cH:12][c:13]4[n:14]5[c:15]3[c:16]6[c:17]2[c:18]7[cH:19][cH:20][cH:21][cH:22][c:23]7[n:24]6[C:25]8([O:26][CH:27]5[CH2:28][CH:29]([N:30]([C:31](=[O:32])[c:33]9[cH:34][cH:35][cH:36][cH:37][cH:38]9)[CH3:39])[CH:40]8[O:41][CH3:42])[CH3:43],"[0, 0, 0, 0, 0, 0, 0, 0, 0, 0, 0, 0, 0, 0, 0, 0, 0, 0, 0, 0, 0, 0, 0, 0, 0, 0, 0, 0, 0, 0, 0, 0, 0, 0, 0, 0, 0, 0, 0, 0, 1, 0, 0, 0, 0, 0, 0, 0, 0, 0, 0]"
[OH:1][c:2]1[cH:3][cH:4][c:5]2[c:6]([cH:7]1)[C:8]34[CH2:9][CH2:10][N:11]([CH3:12])[CH:13]([CH2:14]2)[CH:15]3[CH2:16][CH2:17][CH2:18][CH2:19]4,"[0, 0, 0, 0, 0, 0, 0, 0, 0, 0, 1, 0, 0, 0, 0, 0, 0, 0, 0, 0, 0, 0]"
[O:1]=[C:2]([O:3][CH2:4][CH3:5])[CH2:6][CH:7]([S:8][P:9](=[S:10])([O:11][CH3:12])[O:13][CH3:14])[C:15](=[O:16])[O:17][CH2:18][CH3:19],"[0, 0, 0, 0, 0, 0, 0, 0, 1, 0, 0, 0, 0, 0, 0, 0, 0, 0]"
[N:1]#[C:2][CH2:3][CH2:4][NH:5][CH:6]([CH3:7])[CH2:8][c:9]1[cH:10][cH:11][cH:12][cH:13][cH:14]1,"[0, 0, 0, 1, 0, 0, 0, 0, 0, 0, 0, 0, 0, 0]"
[O:1]=[C:2]([c:3]1[cH:4][c:5]2[cH:6][c:7]([cH:8][cH:9][c:10]2[nH:11]1)[NH:12][S:13](=[O:14])(=[O:15])[CH3:16])[N:17]3[CH2:18][CH2:19][N:20]([c:21]4[n:22][cH:23][cH:24][cH:25][c:26]4[NH:27][CH:28]([CH3:29])[CH3:30])[CH2:31][CH2:32]3,"[0, 0, 0, 0, 0, 0, 0, 0, 0, 0, 0, 0, 0, 0, 0, 0, 0, 0, 0, 0, 0, 0, 0, 0, 0, 0, 1, 0, 0, 0, 0, 0, 0, 0, 0]"
[O:1]1[c:2]2[cH:3][cH:4][c:5]([cH:6][c:7]2[O:8][CH2:9]1)[CH2:10][CH:11]([NH:12][CH2:13][CH3:14])[CH3:15],"[0, 0, 0, 0, 0, 0, 0, 1, 0, 0, 0, 0, 0, 0, 1, 0]"
[OH:1][CH2:2][CH:3]=[C:4]([CH:5]=[CH:6][CH:7]=[C:8]([CH:9]=[CH:10][C:11]1=[C:12]([CH3:13])[CH2:14][CH2:15][CH2:16][C:17]1([CH3:18])[CH3:19])[CH3:20])[CH3:21],"[1, 0, 0, 0, 0, 0, 0, 0, 0, 0, 0, 0, 0, 0, 0, 0, 0, 0, 0, 0, 0]"
[cH:1]1[cH:2][cH:3][c:4]2[c:5]([cH:6]1)[cH:7][cH:8][c:9]3[c:10]4[cH:11][cH:12][cH:13][cH:14][c:15]4[c:16]([cH:17][c:18]23)[CH3:19],"[0, 0, 0, 0, 0, 0, 0, 0, 0, 0, 0, 0, 0, 0, 0, 0, 0, 0, 1, 0, 0, 0]"
[O:1]=[C:2]1[NH:3][c:4]2[n:5][c:6]([cH:7][cH:8][c:9]2[O:10][C:11]1([CH3:12])[CH3:13])[NH:14][c:15]3[n:16][c:17]([n:18][cH:19][c:20]3[F:21])[NH:22][c:23]4[cH:24][c:25]([O:26][CH3:27])[c:28]([O:29][CH3:30])[c:31]([O:32][CH3:33])[cH:34]4,"[0, 0, 0, 0, 0, 0, 0, 0, 0, 0, 0, 0, 0, 0, 0, 0, 0, 0, 0, 0, 0, 0, 0, 0, 0, 0, 0, 0, 1, 0, 0, 0, 0, 0, 0, 0, 0]"
[O:1]=[c:2]1[n:3][c:4]([nH:5][c:6]2[c:7]([n:8][n:9]([c:10]12)[CH3:11])[CH2:12][CH2:13][CH3:14])-[c:15]3[cH:16][c:17]([cH:18][cH:19][c:20]3[O:21][CH2:22][CH2:23][CH3:24])[S:25](=[O:26])(=[O:27])[NH:28][CH2:29][CH2:30][CH:31]4[N:32]([CH3:33])[CH2:34][CH2:35][CH2:36]4,"[0, 0, 0, 0, 0, 0, 0, 0, 0, 0, 0, 0, 0, 0, 0, 0, 0, 0, 0, 0, 0, 0, 0, 0, 0, 0, 0, 1, 0, 0, 0, 0, 0, 0, 0, 0, 0, 0, 0]"
[Cl:1][c:2]1[cH:3][cH:4][c:5]-2[c:6]([cH:7]1)[C:8](=[N:9][CH2:10][c:11]3[n:12][n:13][c:14]([n:15]23)[CH2:16][N:17]([CH3:18])[CH3:19])[c:20]4[cH:21][cH:22][cH:23][cH:24][cH:25]4,"[0, 0, 0, 0, 0, 0, 0, 0, 0, 0, 0, 0, 0, 0, 0, 0, 1, 0, 0, 0, 0, 0, 0, 0, 0, 0, 0, 0]"
[N:1]#[C:2][c:3]1[cH:4][cH:5][c:6]2[c:7]([cH:8]1)[CH2:9][O:10][C:11]2([c:12]3[cH:13][cH:14][c:15]([F:16])[cH:17][cH:18]3)[CH2:19][CH2:20][CH2:21][N:22]([CH3:23])[CH3:24],"[0, 0, 0, 0, 0, 0, 0, 0, 0, 0, 0, 0, 0, 0, 0, 0, 0, 0, 0, 0, 0, 1, 0, 0, 0, 0]"
[OH:1][c:2]1[cH:3][cH:4][c:5]([cH:6][c:7]1[CH:8]([c:9]2[cH:10][cH:11][cH:12][cH:13][cH:14]2)[CH2:15][CH2:16][N:17]([CH:18]([CH3:19])[CH3:20])[CH:21]([CH3:22])[CH3:23])[CH3:24],"[0, 0, 0, 0, 0, 0, 0, 0, 0, 0, 0, 0, 0, 0, 0, 0, 0, 0, 0, 1, 0, 0, 0, 0, 0]"
[N:1]#[C:2][c:3]1[cH:4][cH:5][c:6]2[S:7][c:8]3[cH:9][cH:10][cH:11][cH:12][c:13]3[N:14]([c:15]2[cH:16]1)[CH2:17][CH:18]([CH3:19])[CH2:20][N:21]([CH3:22])[CH3:23],"[0, 0, 0, 0, 0, 0, 0, 0, 0, 0, 0, 0, 0, 0, 0, 0, 0, 0, 0, 0, 1, 0, 0, 0, 0]"
[O:1]=[c:2]1[cH:3][cH:4][c:5]-2[n:6][c:7]3[cH:8][cH:9][c:10]([O:11][CH2:12][c:13]4[cH:14][cH:15][cH:16][cH:17][cH:18]4)[cH:19][c:20]3[o:21][c:22]2[cH:23]1,"[0, 0, 0, 0, 0, 0, 0, 0, 0, 0, 1, 0, 0, 0, 0, 0, 0, 0, 0, 0, 0, 0, 0, 0, 0, 0]"
[O:1]=[S:2]([c:3]1[n:4][c:5]2[cH:6][cH:7][c:8]([O:9][CH:10]([F:11])[F:12])[cH:13][c:14]2[nH:15]1)[CH2:16][c:17]3[n:18][cH:19][cH:20][c:21]([O:22][CH3:23])[c:24]3[O:25][CH3:26],"[0, 0, 0, 0, 0, 0, 0, 0, 0, 0, 0, 0, 0, 0, 0, 0, 0, 0, 0, 0, 0, 1, 0, 0, 0, 0, 0, 0]"
[N:1]#[C:2][c:3]1[cH:4][cH:5][c:6]([cH:7][c:8]1[C:9]([F:10])([F:11])[F:12])[N:13]2[C:14](=[O:15])[C:16]([N:17]([c:18]3[cH:19][cH:20][c:21]([C:22](=[O:23])[NH2:24])[c:25]([F:26])[cH:27]3)[C:28]2=[S:29])([CH3:30])[CH3:31],"[0, 0, 0, 0, 0, 0, 0, 0, 0, 0, 0, 0, 0, 0, 0, 0, 0, 0, 0, 0, 0, 0, 1, 0, 0, 0, 0, 0, 0, 0, 0, 0, 0]"
[OH:1][CH2:2][CH3:3],"[1, 0]"
[cH:1]1[cH:2][cH:3][c:4]2[c:5]([cH:6]1)[cH:7][c:8]3[cH:9][cH:10][c:11]4[cH:12][cH:13][cH:14][c:15]5[cH:16][cH:17][c:18]2[c:19]3[c:20]45,"[0, 1, 0, 0, 0, 0, 0, 0, 1, 0, 0, 0, 0, 0, 0, 0, 0, 0, 0, 1, 0, 0, 0, 0]"
[O:1]=[C:2]1[CH:3]=[CH:4][C:5]2([C:6](=[CH:7]1)[CH2:8][CH2:9][CH:10]3[CH:11]4[CH2:12][CH2:13][C:14]([OH:15])([C:16](=[O:17])[CH2:18][OH:19])[C:20]4([CH3:21])[CH2:22][CH:23]([OH:24])[CH:25]23)[CH3:26],"[0, 0, 0, 0, 0, 0, 0, 0, 0, 0, 0, 0, 0, 0, 0, 0, 0, 0, 0, 0, 0, 0, 1, 0, 0, 0, 0, 0, 0]"
[N:1]#[C:2][c:3]1[cH:4][n:5][n:6]2[c:7]1[n:8][cH:9][cH:10][c:11]2-[c:12]3[cH:13][cH:14][cH:15][c:16]([cH:17]3)[N:18]([C:19](=[O:20])[CH3:21])[CH2:22][CH3:23],"[0, 0, 0, 0, 0, 0, 0, 0, 0, 0, 0, 0, 0, 0, 0, 0, 0, 1, 0, 0, 0, 0, 0, 0, 0]"
[O:1]=[C:2]([O:3][C:4]1([C:5](=[O:6])[CH3:7])[C:8](=[CH2:9])[CH2:10][CH:11]2[CH:12]3[CH2:13][CH2:14][C:15]4=[CH:16][C:17](=[O:18])[CH2:19][CH2:20][CH:21]4[CH:22]3[CH2:23][CH2:24][C:25]12[CH3:26])[CH3:27],"[0, 0, 0, 0, 0, 0, 0, 0, 0, 0, 0, 0, 0, 0, 1, 0, 0, 0, 0, 0, 0, 0, 0, 0, 0, 0, 0, 0, 0, 0]"
[O:1]=[C:2]([NH:3][CH:4]1[CH2:5][CH:6]2[N:7]([CH3:8])[CH:9]([CH2:10][CH2:11]2)[CH2:12]1)[c:13]3[cH:14][c:15]([Cl:16])[cH:17][c:18]4[c:19]3[O:20][C:21]([CH3:22])([CH3:23])[CH2:24]4,"[0, 0, 0, 0, 0, 0, 1, 0, 0, 0, 0, 0, 0, 0, 0, 0, 0, 0, 0, 0, 0, 0, 0, 0, 0, 0, 0]"
[O:1]=[c:2]1[c:3]([OH:4])[c:5]([o:6][c:7]2[cH:8][c:9]([OH:10])[cH:11][c:12]([OH:13])[c:14]12)-[c:15]3[cH:16][cH:17][c:18]([O:19][CH3:20])[c:21]([OH:22])[cH:23]3,"[0, 0, 0, 0, 0, 0, 0, 0, 0, 0, 0, 0, 0, 0, 0, 0, 0, 0, 1, 0, 0, 0, 0, 0, 0]"
[n:1]1[cH:2][c:3]([c:4]([n:5][c:6]1[NH2:7])[NH2:8])[CH2:9][c:10]2[cH:11][c:12]([O:13][CH3:14])[c:15]([O:16][CH3:17])[c:18]([O:19][CH3:20])[cH:21]2,"[0, 0, 0, 0, 0, 0, 0, 0, 0, 0, 0, 0, 0, 0, 0, 1, 0, 0, 1, 0, 0, 0]"
[N:1]#[C:2][C:3]([c:4]1[cH:5][cH:6][c:7]([O:8][CH3:9])[c:10]([O:11][CH3:12])[cH:13]1)([CH2:14][CH2:15][CH2:16][NH:17][CH3:18])[CH:19]([CH3:20])[CH3:21],"[0, 0, 0, 0, 0, 0, 0, 0, 0, 0, 0, 0, 0, 0, 0, 0, 1, 0, 0, 0, 0]"
[O:1]([c:2]1[cH:3][cH:4][c:5]2[nH:6][cH:7][c:8]([c:9]2[cH:10]1)[CH2:11][CH2:12][N:13]([CH:14]([CH3:15])[CH3:16])[CH:17]([CH3:18])[CH3:19])[CH3:20],"[0, 0, 0, 0, 0, 0, 0, 0, 0, 0, 0, 0, 0, 0, 0, 1, 0, 0, 1, 0, 0]"
[O:1]=[C:2]([NH:3][CH:4]([CH2:5][N:6]1[CH2:7][CH2:8][CH2:9][CH2:10]1)[CH:11]([OH:12])[c:13]2[cH:14][cH:15][c:16]3[O:17][CH2:18][CH2:19][O:20][c:21]3[cH:22]2)[CH2:23][CH2:24][CH2:25][CH2:26][CH:27]([OH:28])[CH2:29][CH3:30],"[0, 0, 0, 0, 0, 0, 0, 0, 0, 0, 0, 0, 0, 0, 0, 0, 0, 0, 0, 0, 0, 0, 0, 0, 0, 0, 1, 0, 0, 0, 0, 0]"
[n:1]1[cH:2][cH:3][cH:4][c:5]([cH:6]1)[CH:7]2[N:8]([CH3:9])[CH2:10][CH2:11][CH2:12]2,"[0, 0, 0, 0, 0, 0, 0, 1, 0, 0, 0, 0, 0]"
[O:1]=[C:2]1[O:3][CH2:4][CH:5]2[CH:6]([O:7][CH:8]3[O:9][CH:10]4[CH2:11][O:12][CH:13]([O:14][CH:15]4[CH:16]([OH:17])[CH:18]3[OH:19])[c:20]5[s:21][cH:22][cH:23][cH:24]5)[c:25]6[cH:26][c:27]7[O:28][CH2:29][O:30][c:31]7[cH:32][c:33]6[CH:34]([c:35]8[cH:36][c:37]([O:38][CH3:39])[c:40]([OH:41])[c:42]([O:43][CH3:44])[cH:45]8)[CH:46]12,"[0, 0, 0, 0, 0, 0, 0, 0, 0, 0, 0, 0, 0, 0, 0, 0, 0, 0, 0, 0, 0, 0, 0, 0, 0, 0, 0, 0, 0, 0, 0, 0, 0, 0, 0, 0, 0, 1, 0, 0, 0, 0, 0, 0, 0, 0, 0, 0, 0, 0, 0, 0, 0]"
[O:1]1[O:2][C:3]23[CH:4]4[O:5][CH:6]([O:7][CH2:8][CH3:9])[CH:10]([CH3:11])[CH:12]2[CH2:13][CH2:14][CH:15]([CH3:16])[CH:17]3[CH2:18][CH2:19][CH2:20][C:21]1([O:22]4)[CH3:23],"[0, 0, 0, 0, 0, 0, 1, 0, 0, 0, 0, 0, 0, 0, 0, 0, 0, 0, 0, 0, 0, 0, 0, 0, 0, 0]"
[O:1]=[N:2][N:3]([C:4](=[O:5])[NH:6][CH2:7][CH2:8][S:9](=[O:10])(=[O:11])[N:12]([CH3:13])[CH3:14])[CH2:15][CH2:16][Cl:17],"[0, 0, 0, 0, 0, 0, 0, 0, 0, 0, 0, 1, 0, 0, 0, 0]"
[Cl:1][c:2]1[cH:3][cH:4][c:5]2[S:6][c:7]3[cH:8][cH:9][cH:10][cH:11][c:12]3[CH:13]=[C:14]([O:15][CH2:16][CH2:17][N:18]([CH3:19])[CH3:20])[c:21]2[cH:22]1,"[0, 0, 0, 0, 0, 0, 0, 0, 0, 0, 0, 0, 0, 0, 0, 0, 0, 1, 0, 0, 0, 0, 0, 0]"
[O:1]=[c:2]1[cH:3][c:4]([n:5]([n:6]1-[c:7]2[cH:8][cH:9][cH:10][cH:11][cH:12]2)[CH3:13])[CH3:14],"[0, 0, 0, 0, 0, 0, 0, 0, 0, 0, 0, 1, 0, 0, 0]"
[O:1]=[C:2]1[S:3][CH:4]2[C:5](=[CH:6]1)[CH2:7][N:8]([CH2:9][CH2:10]2)[CH:11]([C:12](=[O:13])[CH:14]3[CH2:15][CH2:16]3)[c:17]4[cH:18][cH:19][cH:20][cH:21][c:22]4[F:23],"[0, 1, 0, 0, 0, 0, 0, 0, 0, 0, 0, 0, 0, 0, 0, 0, 0, 0, 0, 0, 0, 0, 0, 0, 0, 0]"
[O:1]=[C:2]([OH:3])[c:4]1[cH:5][n:6](-[c:7]2[n:8][cH:9][cH:10][s:11]2)[c:12]3[n:13][c:14]([cH:15][cH:16][c:17]3[c:18]1=[O:19])[N:20]4[CH2:21][CH:22]([O:23][CH3:24])[CH:25]([NH:26][CH3:27])[CH2:28]4,"[0, 0, 0, 0, 0, 0, 0, 0, 0, 0, 0, 0, 0, 0, 0, 0, 0, 0, 0, 0, 0, 0, 1, 0, 0, 1, 0, 0, 0, 0, 0]"
[O:1]=[C:2]([O:3][CH:4]1[C:5]([OH:6])([C:7](=[O:8])[O:9][CH3:10])[CH:11]2[N:12]([c:13]3[cH:14][c:15]([O:16][CH3:17])[c:18]([cH:19][c:20]3[C:21]24[CH2:22][CH2:23][N:24]5[CH2:25][CH:26]=[CH:27][C:28]1([CH2:29][CH3:30])[CH:31]45)[C:32]6([C:33](=[O:34])[O:35][CH3:36])[c:37]7[nH:38][c:39]8[cH:40][cH:41][cH:42][cH:43][c:44]8[c:45]7[CH2:46][CH2:47][N:48]9[CH2:49][CH:50]([CH2:51][C:52]([OH:53])([CH2:54]9)[CH2:55][CH3:56])[CH2:57]6)[CH3:58])[CH3:59],"[0, 1, 0, 0, 0, 0, 0, 0, 0, 0, 0, 0, 0, 0, 0, 0, 0, 0, 0, 0, 0, 0, 0, 0, 0, 0, 0, 0, 0, 0, 0, 0, 0, 0, 0, 0, 0, 0, 0, 0, 0, 0, 0, 0, 0, 0, 0, 0, 0, 0, 0, 0, 0, 0, 0, 0, 0, 0, 0, 0, 0, 0, 0, 0, 0, 0, 0]"
[O:1]=[C:2]([c:3]1[s:4][cH:5][cH:6][cH:7]1)[c:8]2[cH:9][n:10][n:11]3[c:12]2[n:13][cH:14][cH:15][c:16]3-[c:17]4[cH:18][cH:19][cH:20][c:21]([cH:22]4)[NH:23][CH3:24],"[0, 0, 0, 0, 0, 0, 0, 0, 0, 0, 0, 0, 0, 0, 0, 0, 0, 0, 0, 0, 0, 0, 1, 0, 0, 0, 0]"
[Cl:1][c:2]1[cH:3][c:4]2[n:5][c:6]([NH:7][CH:8]([CH3:9])[CH3:10])[n:11]([c:12]2[cH:13][c:14]1[Cl:15])[CH:16]3[O:17][CH:18]([CH2:19][OH:20])[CH:21]([OH:22])[CH:23]3[OH:24],"[0, 0, 0, 0, 0, 0, 1, 0, 0, 0, 0, 0, 0, 0, 0, 0, 0, 0, 0, 0, 0, 0, 0, 0, 0, 0]"
[O:1]=[N:2][N:3]([CH2:4][CH3:5])[CH2:6][CH3:7],"[0, 0, 1, 0, 0, 0]"
[O:1]=[C:2]([N:3]1[CH2:4][CH2:5][N:6]([c:7]2[cH:8][cH:9][c:10]([O:11][CH2:12][CH:13]3[O:14][C:15]([O:16][CH2:17]3)([c:18]4[cH:19][cH:20][c:21]([Cl:22])[cH:23][c:24]4[Cl:25])[CH2:26][n:27]5[cH:28][n:29][cH:30][cH:31]5)[cH:32][cH:33]2)[CH2:34][CH2:35]1)[CH3:36],"[0, 1, 0, 0, 0, 0, 0, 0, 0, 0, 0, 0, 0, 0, 0, 0, 0, 0, 0, 0, 0, 0, 0, 0, 0, 0, 0, 0, 0, 0, 0, 0, 0, 0, 0, 0, 0, 0, 0, 0]"
[n:1]1[c:2]2[cH:3][cH:4][cH:5][cH:6][c:7]2[c:8]([c:9]3[cH:10][cH:11][c:12]4[cH:13][cH:14][cH:15][cH:16][c:17]4[c:18]13)[CH3:19],"[0, 0, 0, 0, 1, 0, 0, 0, 0, 1, 0, 0, 1, 0, 0, 0, 0, 0, 0, 0, 0, 0]"
[OH:1][CH:2]1[c:3]2[cH:4][cH:5][cH:6][cH:7][c:8]2[C:9](=[CH:10][CH2:11][CH2:12][N:13]([CH3:14])[CH3:15])[c:16]3[cH:17][cH:18][cH:19][cH:20][c:21]3[CH2:22]1,"[0, 0, 0, 0, 0, 0, 0, 0, 0, 0, 0, 0, 1, 0, 0, 0, 0, 0, 0, 0, 0, 0, 0, 0]"
[O:1]=[C:2]([NH2:3])[C:4]([c:5]1[n:6][cH:7][cH:8][cH:9][cH:10]1)([c:11]2[cH:12][cH:13][cH:14][cH:15][cH:16]2)[CH2:17][CH2:18][N:19]([CH:20]([CH3:21])[CH3:22])[CH:23]([CH3:24])[CH3:25],"[0, 0, 0, 0, 0, 0, 0, 0, 0, 0, 0, 0, 0, 0, 0, 0, 0, 0, 0, 0, 0, 1, 0, 0, 0, 0]"
[O:1]=[S:2](=[O:3])([NH:4][c:5]1[cH:6][cH:7][c:8]([O:9][CH3:10])[c:11]([cH:12]1)[CH2:13][CH:14]2[CH2:15][O:16][c:17]3[cH:18][cH:19][c:20]([O:21][CH2:22][c:23]4[n:24][c:25]5[cH:26][c:27]([F:28])[c:29]([F:30])[cH:31][c:32]5[s:33]4)[cH:34][c:35]3[CH:36]2[OH:37])[C:38]([F:39])([F:40])[F:41],"[0, 0, 0, 0, 0, 0, 0, 0, 1, 0, 0, 0, 0, 0, 0, 0, 0, 0, 0, 0, 0, 0, 0, 0, 0, 0, 0, 0, 0, 0, 0, 0, 0, 0, 0, 0, 0, 0, 0, 0, 0, 0, 0, 0, 0]"
[O:1]=[C:2]([OH:3])[CH:4]=[C:5]([CH:6]=[CH:7][CH:8]=[C:9]([CH:10]=[CH:11][C:12]1=[C:13]([CH3:14])[CH2:15][CH2:16][CH2:17][C:18]1([CH3:19])[CH3:20])[CH3:21])[CH3:22],"[0, 0, 0, 0, 0, 0, 0, 0, 0, 0, 0, 1, 0, 0, 0, 0, 0, 0, 0, 0, 0, 0]"
[O:1]=[c:2]1[o:3][c:4]2[cH:5][c:6]([O:7][CH2:8][CH3:9])[cH:10][cH:11][c:12]2[cH:13][cH:14]1,"[0, 0, 0, 0, 0, 0, 1, 0, 0, 0, 0, 0, 0, 0, 0]"
[Cl:1][c:2]1[cH:3][cH:4][c:5]([cH:6][c:7]1[Cl:8])[CH:9]2[c:10]3[cH:11][cH:12][cH:13][cH:14][c:15]3[CH:16]([NH:17][CH3:18])[CH2:19][CH2:20]2,"[0, 0, 0, 0, 0, 0, 0, 0, 0, 0, 0, 0, 0, 0, 0, 1, 1, 0, 0, 0, 0, 0]"
[O:1]=[N:2][N:3]([CH3:4])[CH2:5][CH2:6][CH2:7][CH3:8],"[0, 0, 1, 1, 0, 0, 0]"
[O:1]=[c:2]1[nH:3][c:4](=[O:5])[n:6]([cH:7][c:8]1[F:9])[CH:10]2[O:11][CH2:12][CH2:13][CH2:14]2,"[0, 0, 0, 0, 0, 0, 0, 0, 1, 0, 0, 0, 0, 0, 0]"
[O:1]=[P:2]1([O:3][CH2:4][CH2:5][CH2:6][N:7]1[CH2:8][CH2:9][Cl:10])[N:11]([CH2:12][CH2:13][Cl:14])[CH2:15][CH2:16][Cl:17],"[0, 0, 0, 0, 0, 0, 1, 0, 0, 0, 1, 0, 0, 0, 0, 0, 0]"
[O:1]=[C:2]([NH:3][CH:4]1[c:5]2[cH:6][cH:7][cH:8][cH:9][c:10]2[CH2:11][CH:12]1[OH:13])[CH:14]([CH2:15][c:16]3[cH:17][cH:18][cH:19][cH:20][cH:21]3)[CH2:22][CH:23]([OH:24])[CH2:25][N:26]4[CH2:27][CH2:28][N:29]([CH2:30][c:31]5[cH:32][n:33][cH:34][cH:35][cH:36]5)[CH2:37][CH:38]4[C:39](=[O:40])[NH:41][C:42]([CH3:43])([CH3:44])[CH3:45],"[0, 0, 0, 0, 0, 0, 0, 0, 0, 0, 0, 0, 0, 0, 0, 0, 0, 0, 0, 0, 0, 0, 0, 0, 0, 0, 0, 0, 1, 0, 0, 0, 0, 0, 0, 0, 0, 0, 0, 0, 0, 0, 0, 0, 0, 0, 0, 0, 0]"
[O:1]=[C:2]([OH:3])[c:4]1[cH:5][cH:6][c:7]([cH:8][c:9]1[O:10][CH2:11][CH3:12])[CH2:13][C:14](=[O:15])[NH:16][CH:17]([c:18]2[cH:19][cH:20][cH:21][cH:22][c:23]2[N:24]3[CH2:25][CH2:26][CH2:27][CH2:28][CH2:29]3)[CH2:30][CH:31]([CH3:32])[CH3:33],"[0, 0, 0, 0, 0, 0, 0, 0, 0, 0, 0, 0, 0, 0, 0, 0, 0, 0, 0, 0, 0, 0, 0, 0, 0, 0, 0, 0, 0, 0, 0, 0, 0, 0, 1]"
[OH:1][c:2]1[cH:3][c:4]([c:5]2[cH:6][cH:7][cH:8][cH:9][c:10]2[c:11]1[OH:12])[CH2:13][N:14]([CH3:15])[CH2:16][CH:17]=[CH:18][C:19]#[C:20][C:21]([CH3:22])([CH3:23])[CH3:24],"[0, 0, 0, 0, 0, 0, 0, 0, 0, 0, 0, 0, 0, 1, 0, 0, 0, 0, 0, 0, 0, 0, 0, 0, 0]"
[O:1]([c:2]1[cH:3][cH:4][cH:5][cH:6][c:7]1[O:8][CH:9]([c:10]2[cH:11][cH:12][cH:13][cH:14][cH:15]2)[CH:16]3[O:17][CH2:18][CH2:19][NH:20][CH2:21]3)[CH2:22][CH3:23],"[0, 0, 0, 0, 0, 0, 0, 0, 0, 0, 0, 0, 0, 0, 0, 0, 0, 0, 0, 0, 1, 0, 0, 0, 0]"
[O:1]=[C:2]([N:3]([c:4]1[c:5]([cH:6][cH:7][cH:8][c:9]1[CH2:10][CH3:11])[CH3:12])[CH:13]([CH3:14])[CH2:15][O:16][CH3:17])[CH2:18][Cl:19],"[0, 0, 0, 0, 0, 0, 0, 0, 0, 0, 0, 1, 0, 0, 0, 0, 0, 0, 0]"
[O:1]=[C:2]([NH:3][CH:4]([C:5](=[O:6])[NH:7][CH:8]([B:9]([OH:10])[OH:11])[CH2:12][CH:13]([CH3:14])[CH3:15])[CH2:16][c:17]1[cH:18][cH:19][cH:20][cH:21][cH:22]1)[c:23]2[n:24][cH:25][cH:26][n:27][cH:28]2,"[0, 0, 0, 0, 0, 0, 0, 1, 0, 0, 0, 0, 0, 0, 0, 0, 0, 0, 0, 0, 0, 0, 0, 0, 0, 0, 0, 0, 0]"
[O:1]=[C:2]1[c:3]2[cH:4][cH:5][c:6]3[O:7][CH:8]([C:9](=[CH2:10])[CH3:11])[CH2:12][c:13]3[c:14]2[O:15][CH:16]4[CH2:17][O:18][c:19]5[cH:20][c:21]([O:22][CH3:23])[c:24]([O:25][CH3:26])[cH:27][c:28]5[CH:29]14,"[0, 0, 0, 0, 0, 0, 0, 0, 1, 0, 0, 0, 0, 0, 0, 0, 0, 0, 0, 0, 0, 0, 0, 0, 1, 0, 0, 0, 0, 0, 0, 0, 0]"
[O:1]=[C:2]([O:3][CH:4]([CH2:5][CH3:6])[C:7]([c:8]1[cH:9][cH:10][cH:11][cH:12][cH:13]1)([c:14]2[cH:15][cH:16][cH:17][cH:18][cH:19]2)[CH2:20][CH:21]([NH:22][CH3:23])[CH3:24])[CH3:25],"[0, 0, 0, 0, 0, 0, 0, 0, 0, 0, 0, 0, 0, 0, 0, 0, 0, 0, 0, 0, 0, 1, 0, 0, 0, 0]"
[CH2:1]=[CH:2][c:3]1[cH:4][cH:5][cH:6][cH:7][cH:8]1,"[1, 0, 0, 0, 0, 0, 0, 0]"
[cH:1]1[cH:2][cH:3][c:4]2[c:5]([cH:6]1)[C:7](=[CH:8][CH2:9][CH2:10][N:11]([CH3:12])[CH3:13])[c:14]3[cH:15][cH:16][cH:17][cH:18][c:19]3[CH2:20][CH2:21]2,"[0, 0, 0, 0, 0, 0, 0, 0, 0, 0, 1, 0, 0, 0, 0, 0, 0, 0, 0, 0, 0, 0, 0]"
[n:1]1[cH:2][cH:3][c:4]([O:5][CH2:6][CH2:7][CH2:8][O:9][CH3:10])[c:11]([c:12]1[CH2:13][S:14][c:15]2[n:16][c:17]3[cH:18][cH:19][cH:20][cH:21][c:22]3[nH:23]2)[CH3:24],"[0, 0, 0, 0, 0, 0, 0, 0, 1, 0, 0, 0, 0, 0, 0, 0, 0, 0, 0, 0, 0, 0, 0, 0, 0, 0]"
[O:1]=[N:2][N:3]([CH2:4][CH2:5][CH3:6])[CH2:7][CH2:8][CH3:9],"[0, 1, 1, 0, 0, 0, 0, 0]"
[Cl:1][c:2]1[cH:3][cH:4][c:5]2[c:6]([n:7][c:8]3[cH:9][cH:10][c:11]([O:12][CH3:13])[cH:14][c:15]3[c:16]2[NH:17][CH:18]([CH3:19])[CH2:20][CH2:21][CH2:22][N:23]([CH2:24][CH3:25])[CH2:26][CH3:27])[cH:28]1,"[0, 0, 0, 0, 0, 0, 0, 0, 0, 0, 0, 0, 0, 0, 0, 0, 0, 0, 0, 0, 0, 0, 1, 0, 0, 0, 0, 0, 0, 0]"
[N:1]#[C:2][c:3]1[n:4][cH:5][c:6]([cH:7][c:8]1[C:9]([F:10])([F:11])[F:12])[N:13]2[C:14](=[O:15])[C:16]3([N:17]([c:18]4[cH:19][cH:20][c:21]([C:22](=[O:23])[NH:24][CH3:25])[c:26]([F:27])[cH:28]4)[C:29]2=[S:30])[CH2:31][CH2:32][CH2:33]3,"[0, 0, 0, 0, 0, 0, 0, 0, 0, 0, 0, 0, 0, 0, 0, 0, 0, 0, 0, 0, 0, 0, 0, 1, 0, 0, 0, 0, 0, 0, 0, 0, 0, 0, 0, 0]"
[Cl:1][CH:2]([Cl:3])[Br:4],"[0, 0, 1]"
[O:1]=[C:2]([NH:3][CH:4]1[CH2:5][CH2:6][N:7]([CH2:8][CH2:9][CH2:10][O:11][CH3:12])[CH2:13][CH2:14]1)[c:15]2[cH:16][c:17]([Cl:18])[c:19]([NH2:20])[c:21]3[c:22]2[O:23][CH2:24][CH2:25]3,"[0, 0, 0, 0, 0, 0, 0, 0, 0, 0, 1, 0, 0, 0, 0, 0, 0, 0, 0, 0, 0, 0, 0, 0, 0, 0, 0]"
[F:1][c:2]1[cH:3][cH:4][c:5]([cH:6][cH:7]1)-[c:8]2[cH:9][c:10]([n:11][c:12]3[c:13]2[CH2:14][CH2:15][CH2:16][CH2:17][CH2:18][CH2:19]3)[NH:20][CH2:21][CH2:22][NH2:23],"[0, 0, 0, 0, 0, 0, 0, 0, 0, 0, 0, 0, 0, 0, 0, 0, 0, 0, 0, 0, 0, 1, 0, 0, 0]"
[O:1]=[C:2]1[c:3]2[c:4]([OH:5])[cH:6][c:7]([OH:8])[cH:9][c:10]2[O:11][CH:12]([c:13]3[cH:14][cH:15][c:16]([O:17][CH3:18])[c:19]([OH:20])[cH:21]3)[CH2:22]1,"[0, 0, 0, 0, 0, 0, 0, 0, 0, 0, 0, 0, 0, 0, 0, 0, 1, 0, 0, 0, 0, 0, 0, 0]"
[O:1]1[c:2]2[cH:3][cH:4][c:5]([cH:6][c:7]2[O:8][CH2:9]1)[CH2:10][CH:11]=[CH2:12],"[0, 0, 0, 0, 0, 0, 0, 1, 0, 0, 0, 1, 0]"
[O:1]=[C:2]1[CH2:3][CH2:4][CH2:5][CH2:6][C:7]1([NH:8][CH3:9])[c:10]2[cH:11][cH:12][cH:13][cH:14][c:15]2[Cl:16],"[0, 0, 0, 0, 0, 0, 0, 1, 0, 0, 0, 0, 0, 0, 0, 0, 0]"
[O:1]=[c:2]1[c:3]([cH:4][o:5][c:6]2[cH:7][c:8]([O:9][CH:10]([CH3:11])[CH3:12])[cH:13][cH:14][c:15]12)-[c:16]3[cH:17][cH:18][cH:19][cH:20][cH:21]3,"[0, 0, 0, 0, 0, 0, 0, 0, 1, 0, 0, 0, 0, 0, 0, 0, 0, 0, 0, 0, 0, 0, 0]"
[OH:1][CH2:2][C:3]([C:4]#[C:5][CH:6]=[CH:7][CH2:8][N:9]([CH3:10])[CH2:11][c:12]1[cH:13][cH:14][cH:15][c:16]2[cH:17][cH:18][cH:19][cH:20][c:21]12)([CH3:22])[CH3:23],"[0, 0, 0, 0, 0, 0, 0, 0, 1, 0, 0, 0, 0, 0, 0, 0, 0, 0, 0, 0, 0, 0, 0, 0]"
[OH:1][CH:2]([CH2:3][O:4][c:5]1[cH:6][cH:7][c:8]([cH:9][cH:10]1)[CH2:11][O:12][CH2:13][CH2:14][O:15][CH:16]([CH3:17])[CH3:18])[CH2:19][NH:20][CH:21]([CH3:22])[CH3:23],"[0, 0, 0, 0, 0, 0, 0, 0, 0, 0, 0, 0, 0, 0, 1, 0, 0, 0, 0, 0, 0, 0, 0]"
[Cl:1][c:2]1[cH:3][cH:4][c:5]2[O:6][c:7]3[cH:8][cH:9][cH:10][cH:11][c:12]3[CH:13]4[CH2:14][N:15]([CH3:16])[CH2:17][CH:18]4[c:19]2[cH:20]1,"[0, 0, 0, 0, 0, 0, 0, 0, 0, 0, 0, 0, 0, 0, 1, 0, 0, 0, 0, 0, 0, 0, 0]"
[OH:1][c:2]1[cH:3][cH:4][c:5]2[c:6]([c:7]1[OH:8])-[c:9]3[cH:10][cH:11][cH:12][c:13]4[c:14]3[CH:15]([N:16]([CH3:17])[CH2:18][CH2:19]4)[CH2:20]2,"[0, 0, 0, 0, 0, 0, 0, 0, 0, 0, 0, 0, 0, 0, 0, 1, 0, 0, 0, 0, 0, 0, 0]"
[O:1]=[C:2]([O:3][CH:4]1[C:5](=[O:6])[N:7]([c:8]2[cH:9][cH:10][cH:11][cH:12][c:13]2[S:14][CH:15]1[c:16]3[cH:17][cH:18][c:19]([O:20][CH3:21])[cH:22][cH:23]3)[CH2:24][CH2:25][N:26]([CH3:27])[CH3:28])[CH3:29],"[0, 0, 0, 0, 0, 0, 0, 0, 0, 0, 0, 0, 0, 0, 0, 0, 0, 0, 0, 1, 0, 0, 0, 0, 0, 1, 0, 0, 0, 0, 0]"
[O:1]=[C:2]([N:3]([c:4]1[c:5]([cH:6][cH:7][cH:8][c:9]1[CH2:10][CH3:11])[CH2:12][CH3:13])[CH2:14][O:15][CH3:16])[CH2:17][Cl:18],"[0, 0, 0, 0, 0, 0, 0, 0, 0, 0, 0, 0, 1, 0, 0, 0, 0, 0]"
[O:1]=[C:2]([OH:3])[CH2:4][CH2:5][CH:6]([CH3:7])[CH:8]1[CH2:9][CH2:10][CH:11]2[CH:12]3[CH:13]([OH:14])[CH2:15][CH:16]4[CH2:17][CH:18]([OH:19])[CH2:20][CH2:21][C:22]4([CH3:23])[CH:24]3[CH2:25][CH2:26][C:27]12[CH3:28],"[0, 0, 0, 0, 0, 0, 0, 0, 0, 0, 0, 0, 0, 0, 0, 0, 0, 1, 0, 0, 0, 0, 0, 0, 0, 0, 0, 0, 0, 0, 0]"
[O:1]=[C:2]([OH:3])[CH2:4][c:5]1[cH:6][cH:7][c:8]2[O:9][CH2:10][c:11]3[cH:12][cH:13][cH:14][cH:15][c:16]3[C:17](=[CH:18][CH2:19][CH2:20][N:21]([CH3:22])[CH3:23])[c:24]2[cH:25]1,"[0, 0, 0, 0, 0, 0, 0, 0, 0, 0, 0, 0, 0, 0, 0, 0, 0, 0, 0, 0, 1, 0, 0, 0, 0, 0, 0]"
[O:1]=[C:2]([O:3][CH2:4][CH3:5])[NH:6][CH:7]1[CH2:8][CH2:9][CH:10]2[CH:11]([CH:12]=[CH:13][c:14]3[n:15][cH:16][c:17]([cH:18][cH:19]3)-[c:20]4[cH:21][cH:22][cH:23][c:24]([F:25])[cH:26]4)[CH:27]5[CH:28]([O:29][C:30](=[O:31])[CH:32]5[CH2:33][CH:34]2[CH2:35]1)[CH3:36],"[0, 0, 0, 0, 1, 0, 0, 0, 0, 0, 0, 0, 0, 0, 0, 0, 0, 0, 0, 0, 0, 0, 0, 0, 0, 0, 0, 0, 0, 0, 0, 0, 0, 0, 0, 0, 0, 0, 0, 0]"
[O:1]=[C:2]([NH:3][CH:4]([C:5](=[O:6])[NH:7][CH:8]([CH2:9][CH:10]([CH3:11])[CH3:12])[CH:13]([OH:14])[OH:15])[CH2:16][c:17]1[cH:18][cH:19][cH:20][cH:21][cH:22]1)[c:23]2[n:24][cH:25][cH:26][n:27][cH:28]2,"[0, 0, 0, 0, 0, 0, 0, 0, 0, 0, 0, 1, 0, 0, 0, 0, 0, 0, 0, 0, 0, 0, 0, 0, 0, 0, 0, 0, 0]"
[O:1]=[C:2]([NH:3][c:4]1[c:5]([cH:6][cH:7][cH:8][c:9]1[CH3:10])[CH3:11])[CH:12]2[N:13]([CH2:14][CH2:15][CH2:16][CH3:17])[CH2:18][CH2:19][CH2:20][CH2:21]2,"[0, 0, 0, 0, 0, 0, 0, 0, 0, 0, 0, 0, 1, 0, 0, 0, 0, 0, 0, 0, 0, 0]"
[O:1]=[C:2]1[NH:3][c:4]2[cH:5][cH:6][cH:7][c:8]([c:9]2[CH2:10]1)[CH2:11][CH2:12][N:13]([CH2:14][CH2:15][CH3:16])[CH2:17][CH2:18][CH3:19],"[0, 0, 0, 0, 0, 0, 0, 0, 0, 0, 0, 0, 1, 0, 0, 0, 0, 0, 0, 0]"
[O:1]=[C:2]([O:3][CH2:4][c:5]1[s:6][cH:7][n:8][cH:9]1)[NH:10][CH:11]([CH2:12][c:13]2[cH:14][cH:15][cH:16][cH:17][cH:18]2)[CH:19]([OH:20])[CH2:21][CH:22]([NH:23][C:24](=[O:25])[CH:26]([NH:27][C:28](=[O:29])[N:30]([CH3:31])[CH2:32][c:33]3[n:34][c:35]([s:36][cH:37]3)[CH:38]([CH3:39])[CH3:40])[CH:41]([CH3:42])[CH3:43])[CH2:44][c:45]4[cH:46][cH:47][cH:48][cH:49][cH:50]4,"[0, 0, 0, 0, 0, 0, 0, 0, 1, 0, 0, 0, 0, 0, 0, 0, 0, 0, 0, 0, 0, 0, 0, 0, 0, 0, 0, 0, 0, 1, 1, 0, 0, 0, 0, 0, 0, 0, 0, 0, 0, 0, 0, 0, 0, 0, 0, 0, 0, 0, 0, 0, 0]"
[O:1]=[C:2]([NH:3][c:4]1[cH:5][cH:6][cH:7][c:8]2[c:9]1[CH:10]([O:11][C:12]2([CH3:13])[CH3:14])[CH3:15])[c:16]3[c:17]([Cl:18])[n:19]([n:20][c:21]3[CH3:22])[CH3:23],"[0, 0, 0, 0, 0, 0, 0, 0, 0, 0, 0, 0, 0, 0, 0, 0, 0, 0, 0, 0, 0, 1, 0, 0, 0]"
[n:1]1[cH:2][cH:3][cH:4][c:5]([cH:6]1)[C:7]2=[N:8][CH2:9][CH2:10][CH2:11][C:12]2=[CH:13][c:14]3[cH:15][cH:16][c:17]([O:18][CH3:19])[cH:20][c:21]3[O:22][CH3:23],"[0, 0, 0, 0, 0, 0, 0, 0, 0, 0, 0, 0, 0, 0, 0, 0, 0, 1, 0, 0, 0, 1, 0, 0, 0]"
[OH:1][c:2]1[cH:3][cH:4][c:5]([cH:6][c:7]1[O:8][CH3:9])[CH2:10][CH:11]=[CH2:12],"[0, 0, 0, 0, 0, 0, 0, 1, 0, 0, 0, 0]"
[cH:1]1[cH:2][cH:3][c:4]2[c:5]([cH:6]1)[N:7]3[CH2:8][CH2:9][N:10]([CH3:11])[CH2:12][CH:13]3[c:14]4[cH:15][cH:16][cH:17][cH:18][c:19]4[CH2:20]2,"[0, 0, 0, 0, 0, 0, 0, 0, 0, 1, 0, 0, 0, 0, 0, 0, 0, 0, 0, 0, 0, 0, 0]"
[O:1]=[C:2]1[NH:3][C:4](=[O:5])[C:6]=2[c:7]3[cH:8][n:9]([c:10]4[cH:11][cH:12][cH:13][cH:14][c:15]34)[CH2:16][CH2:17][CH:18]([O:19][CH2:20][CH2:21][n:22]5[cH:23][c:24]([c:25]6[cH:26][cH:27][cH:28][cH:29][c:30]56)[C:31]12)[CH2:32][N:33]([CH3:34])[CH3:35],"[0, 0, 0, 0, 0, 0, 0, 0, 0, 0, 0, 0, 0, 0, 0, 0, 0, 0, 0, 0, 0, 0, 0, 0, 0, 0, 0, 0, 0, 0, 0, 0, 1, 0, 0, 0, 0, 0, 0, 0]"
[F:1][C:2]([F:3])([F:4])[c:5]1[cH:6][cH:7][cH:8][c:9]([cH:10]1)[CH2:11][CH2:12][CH2:13][NH:14][CH:15]([c:16]2[cH:17][cH:18][cH:19][c:20]3[cH:21][cH:22][cH:23][cH:24][c:25]23)[CH3:26],"[0, 0, 0, 0, 0, 0, 0, 0, 0, 0, 0, 0, 1, 0, 0, 0, 0, 1, 0, 0, 1, 0, 0, 0, 0, 0, 0, 0]"
[O:1]=[c:2]1[cH:3][cH:4][c:5]-2[n:6][c:7]3[cH:8][cH:9][c:10]([O:11][CH2:12][CH2:13][CH2:14][CH2:15][CH3:16])[cH:17][c:18]3[o:19][c:20]2[cH:21]1,"[0, 0, 0, 0, 0, 0, 0, 0, 0, 0, 1, 0, 0, 0, 0, 0, 0, 0, 0, 0, 0, 0, 0]"
[O:1]=[C:2]1[CH2:3][CH2:4][CH:5]2[CH:6]3[N:7]([CH3:8])[CH2:9][CH2:10][C:11]24[c:12]5[c:13]([O:14][CH:15]14)[c:16]([OH:17])[cH:18][cH:19][c:20]5[CH2:21]3,"[0, 0, 0, 0, 0, 0, 1, 0, 0, 0, 0, 0, 0, 0, 0, 0, 0, 0, 0, 0, 0, 0, 0, 0, 0]"
[Cl:1][c:2]1[cH:3][cH:4][c:5]([cH:6][cH:7]1)[C:8]2([CH2:9][CH2:10][CH2:11]2)[CH:12]([N:13]([CH3:14])[CH3:15])[CH2:16][CH:17]([CH3:18])[CH3:19],"[0, 0, 0, 0, 0, 0, 0, 0, 0, 0, 0, 0, 0, 1, 0, 0, 0, 0, 0, 0]"
[OH:1][CH:2]1[CH2:3][CH2:4][CH:5]2[CH:6]3[CH2:7][CH2:8][c:9]4[cH:10][c:11]([O:12][CH3:13])[cH:14][cH:15][c:16]4[CH:17]3[CH2:18][CH2:19][C:20]12[CH3:21],"[0, 0, 0, 0, 0, 0, 0, 0, 0, 0, 0, 1, 0, 0, 0, 0, 0, 0, 0, 0, 0, 0, 0, 0]"
[N:1]#[C:2][c:3]1[cH:4][n:5][c:6]2[cH:7][c:8]([O:9][CH2:10][CH2:11][CH2:12][N:13]3[CH2:14][CH2:15][N:16]([CH3:17])[CH2:18][CH2:19]3)[c:20]([O:21][CH3:22])[cH:23][c:24]2[c:25]1[NH:26][c:27]4[cH:28][c:29]([O:30][CH3:31])[c:32]([Cl:33])[cH:34][c:35]4[Cl:36],"[0, 0, 0, 0, 0, 0, 0, 0, 0, 0, 0, 0, 0, 0, 0, 1, 0, 0, 0, 0, 0, 0, 0, 0, 0, 0, 0, 0, 0, 0, 0, 1, 0, 0, 0, 0, 0, 0, 0]"
[O:1]=[C:2]([NH:3][CH:4]1[CH2:5][CH:6]2[N:7]([CH3:8])[CH:9]([CH2:10][CH2:11][CH2:12]2)[CH2:13]1)[c:14]3[n:15][n:16]([c:17]4[cH:18][cH:19][cH:20][cH:21][c:22]34)[CH3:23],"[0, 0, 0, 0, 0, 0, 1, 0, 0, 0, 0, 0, 0, 0, 0, 0, 0, 0, 0, 0, 0, 0, 0, 0, 0, 0]"
[OH:1][C:2]1([c:3]2[cH:4][cH:5][cH:6][c:7]([O:8][CH3:9])[cH:10]2)[CH2:11][CH2:12][CH2:13][CH2:14][CH:15]1[CH2:16][NH:17][CH3:18],"[0, 0, 0, 0, 0, 0, 0, 0, 0, 0, 0, 0, 0, 0, 0, 0, 1, 0, 0]"
[N:1]#[C:2][c:3]1[cH:4][c:5]([Br:6])[cH:7][cH:8][c:9]1[NH:10][C:11](=[O:12])[c:13]2[cH:14][cH:15][c:16]([cH:17][cH:18]2)[CH2:19][P:20](=[O:21])([O:22][CH2:23][CH3:24])[O:25][CH2:26][CH3:27],"[0, 0, 0, 0, 0, 0, 0, 0, 0, 0, 0, 0, 0, 0, 0, 0, 0, 0, 0, 0, 0, 0, 0, 0, 1, 0, 0, 0]"
[cH:1]1[cH:2][cH:3][c:4]([cH:5][cH:6]1)[CH:7]=[CH:8][CH3:9],"[0, 0, 0, 0, 0, 0, 1, 0, 0]"
[O:1]=[S:2](=[O:3])([c:4]1[cH:5][cH:6][cH:7][c:8]([cH:9]1)[CH:10]2[CH2:11][N:12]([CH2:13][CH2:14][CH3:15])[CH2:16][CH2:17][CH2:18]2)[CH3:19],"[0, 0, 0, 0, 0, 0, 0, 0, 0, 0, 0, 1, 0, 0, 0, 0, 0, 0, 0, 0]"
[O:1]=[C:2]([O:3][CH:4]1[CH2:5][CH2:6][N+:7]([CH3:8])([CH3:9])[CH2:10]1)[C:11]([OH:12])([c:13]2[cH:14][cH:15][cH:16][cH:17][cH:18]2)[CH:19]3[CH2:20][CH2:21][CH2:22][CH2:23]3,"[0, 0, 1, 0, 0, 0, 0, 0, 0, 0, 0, 0, 0, 0, 0, 0, 0, 0, 0, 0, 0, 0, 0, 0, 0]"
[O:1]=[S:2]([c:3]1[n:4][c:5](-[c:6]2[cH:7][cH:8][n:9][c:10]([cH:11]2)[NH:12][CH:13]([c:14]3[cH:15][cH:16][cH:17][cH:18][cH:19]3)[CH3:20])[c:21]([nH:22]1)-[c:23]4[cH:24][cH:25][c:26]([F:27])[cH:28][cH:29]4)[CH3:30],"[0, 0, 0, 0, 0, 0, 0, 0, 0, 0, 0, 1, 0, 0, 0, 0, 0, 0, 0, 0, 0, 0, 0, 0, 0, 0, 0, 0, 0, 0, 0, 0, 0]"
[O:1]=[C:2]1[N:3]([c:4]2[cH:5][cH:6][c:7]([OH:8])[cH:9][cH:10]2)[c:11]3[cH:12][c:13]([Cl:14])[cH:15][cH:16][c:17]3[N:18]([C:19](=[O:20])[CH2:21]1)[CH3:22],"[0, 0, 0, 0, 0, 0, 0, 0, 0, 0, 0, 0, 0, 0, 0, 0, 0, 0, 0, 0, 1, 0, 0, 0]"
[O:1]=[C:2]([c:3]1[cH:4][cH:5][c:6]([cH:7][cH:8]1)[C:9]([CH3:10])([CH3:11])[CH3:12])[CH2:13][CH2:14][CH2:15][N:16]2[CH2:17][CH2:18][CH:19]([O:20][CH:21]([c:22]3[cH:23][cH:24][cH:25][cH:26][cH:27]3)[c:28]4[cH:29][cH:30][cH:31][cH:32][cH:33]4)[CH2:34][CH2:35]2,"[0, 0, 0, 0, 0, 0, 0, 0, 0, 0, 0, 0, 0, 0, 1, 0, 0, 0, 0, 0, 0, 0, 0, 0, 0, 0, 0, 0, 0, 0, 0, 0, 0, 0, 0, 0, 0, 0]"
[O:1]=[C:2]([CH2:3][CH3:4])[C:5]([c:6]1[cH:7][cH:8][cH:9][cH:10][cH:11]1)([c:12]2[cH:13][cH:14][cH:15][cH:16][cH:17]2)[CH2:18][CH:19]([N:20]([CH3:21])[CH3:22])[CH3:23],"[0, 0, 0, 0, 0, 0, 0, 0, 0, 0, 0, 0, 0, 0, 0, 0, 0, 0, 0, 1, 0, 0, 0, 0]"
[O:1]=[C:2]1[O:3][CH2:4][CH:5]2[CH:6]([O:7][CH:8]3[O:9][CH:10]4[CH2:11][O:12][CH:13]([O:14][CH:15]4[CH:16]([OH:17])[CH:18]3[OH:19])[CH3:20])[c:21]5[cH:22][c:23]6[O:24][CH2:25][O:26][c:27]6[cH:28][c:29]5[CH:30]([c:31]7[cH:32][c:33]([O:34][CH3:35])[c:36]([OH:37])[c:38]([O:39][CH3:40])[cH:41]7)[CH:42]12,"[0, 0, 0, 0, 0, 0, 0, 0, 0, 0, 0, 0, 0, 0, 0, 0, 0, 0, 0, 0, 0, 0, 0, 0, 0, 0, 0, 0, 0, 0, 0, 0, 0, 1, 0, 0, 0, 0, 0, 0, 0, 0, 0, 0, 0, 0, 0, 0]"
[O:1]=[C:2]1[CH2:3][CH2:4][C:5]2([OH:6])[CH:7]3[N:8]([CH3:9])[CH2:10][CH2:11][C:12]24[c:13]5[c:14]([O:15][CH:16]14)[c:17]([O:18][CH3:19])[cH:20][cH:21][c:22]5[CH2:23]3,"[0, 0, 0, 0, 0, 0, 0, 1, 0, 0, 0, 0, 0, 0, 0, 0, 0, 1, 0, 0, 0, 0, 0, 0, 0, 0, 0]"
[O:1]=[S:2]([c:3]1[n:4][c:5]2[cH:6][cH:7][cH:8][cH:9][c:10]2[nH:11]1)[CH2:12][c:13]3[n:14][cH:15][cH:16][c:17]([O:18][CH2:19][CH2:20][CH2:21][O:22][CH3:23])[c:24]3[CH3:25],"[0, 0, 0, 0, 0, 0, 0, 0, 0, 0, 0, 0, 0, 0, 0, 0, 0, 0, 0, 0, 0, 1, 0, 0, 0, 0, 0]"
[n:1]1[n:2][n:3]([n:4][c:5]1[C:6]2=[CH:7][CH2:8][CH2:9][N:10]([CH3:11])[CH2:12]2)[CH2:13][CH3:14],"[0, 0, 0, 0, 0, 0, 0, 0, 0, 1, 0, 0, 0, 0, 0]"
[O:1]=[C:2]1[N:3]([c:4]2[cH:5][cH:6][c:7]([Cl:8])[cH:9][c:10]2[C:11](=[N:12][CH:13]1[OH:14])[c:15]3[cH:16][cH:17][cH:18][cH:19][cH:20]3)[CH3:21],"[0, 0, 0, 0, 0, 0, 0, 0, 0, 0, 0, 0, 0, 0, 0, 0, 0, 0, 0, 1, 0, 0, 0]"
[O:1]=[C:2]([N:3]([c:4]1[c:5]([cH:6][cH:7][cH:8][c:9]1[CH2:10][CH3:11])[CH3:12])[CH2:13][O:14][CH2:15][CH3:16])[CH2:17][Cl:18],"[0, 0, 0, 0, 0, 0, 0, 0, 0, 0, 0, 1, 0, 0, 0, 0, 0, 0]"
[O:1]=[C:2]1[CH:3]=[C:4]2[C:5](=[C:6]3[CH:7]([c:8]4[cH:9][cH:10][c:11]([cH:12][cH:13]4)[N:14]([CH3:15])[CH3:16])[CH2:17][C:18]5([CH3:19])[CH:20]([CH2:21][CH2:22][C:23]5([OH:24])[CH:25]=[CH:26][CH2:27][OH:28])[CH:29]3[CH2:30][CH2:31]2)[CH2:32][CH2:33]1,"[0, 0, 0, 0, 0, 0, 0, 0, 0, 0, 0, 0, 0, 1, 0, 0, 0, 0, 0, 0, 0, 0, 0, 0, 0, 0, 0, 0, 0, 0, 0, 0, 0, 0, 0, 0, 0]"
[O:1]=[C:2]([O:3][C:4]([c:5]1[cH:6][cH:7][cH:8][cH:9][cH:10]1)([CH2:11][c:12]2[cH:13][cH:14][cH:15][cH:16][cH:17]2)[CH:18]([CH3:19])[CH2:20][N:21]([CH3:22])[CH3:23])[CH2:24][CH3:25],"[0, 0, 0, 0, 0, 0, 0, 0, 0, 0, 0, 0, 0, 0, 0, 0, 0, 0, 0, 0, 1, 0, 0, 0, 0, 0]"
[O:1]=[C:2]1[O:3][CH:4]([C:5](=[CH:6][CH:7]2[CH2:8][CH2:9][CH:10]([OH:11])[CH:12]([O:13][CH3:14])[CH2:15]2)[CH3:16])[CH:17]([CH3:18])[CH:19]([OH:20])[CH2:21][C:22](=[O:23])[CH:24]([CH:25]=[C:26]([CH3:27])[CH2:28][CH:29]([CH3:30])[CH2:31][CH:32]([O:33][CH3:34])[CH:35]3[O:36][C:37]([OH:38])([C:39](=[O:40])[C:41](=[O:42])[N:43]4[CH2:44][CH2:45][CH2:46][CH2:47][CH:48]14)[CH:49]([CH3:50])[CH2:51][CH:52]3[O:53][CH3:54])[CH2:55][CH:56]=[CH2:57],"[0, 0, 0, 0, 0, 0, 0, 0, 0, 0, 0, 0, 0, 0, 0, 0, 0, 0, 0, 0, 0, 0, 0, 0, 0, 0, 0, 0, 0, 0, 0, 0, 0, 0, 0, 0, 0, 0, 0, 0, 0, 0, 0, 0, 0, 0, 0, 0, 0, 0, 0, 0, 1, 0, 0, 0, 0, 0, 0, 0]"
[N:1]#[C:2][C:3]([c:4]1[cH:5][cH:6][c:7]([O:8][CH3:9])[c:10]([O:11][CH3:12])[cH:13]1)([CH2:14][CH2:15][CH2:16][NH:17][CH2:18][CH2:19][c:20]2[cH:21][cH:22][c:23]([O:24][CH3:25])[c:26]([O:27][CH3:28])[cH:29]2)[CH:30]([CH3:31])[CH3:32],"[0, 0, 0, 0, 0, 0, 0, 1, 0, 0, 0, 0, 0, 0, 0, 0, 1, 0, 0, 0, 0, 0, 0, 0, 0, 0, 0, 0, 0, 0, 0, 0, 0]"
[O:1]=[C:2]1[NH:3][N:4]=[C:5]([c:6]2[cH:7][cH:8][c:9]3[nH:10][c:11]([n:12][c:13]3[cH:14]2)-[c:15]4[cH:16][cH:17][c:18]([O:19][CH3:20])[cH:21][cH:22]4)[CH:23]([CH3:24])[CH2:25]1,"[0, 0, 0, 0, 0, 0, 0, 0, 0, 0, 0, 0, 0, 0, 0, 0, 0, 0, 1, 0, 0, 0, 0, 0, 0, 0, 0, 0]"
[O:1]([c:2]1[cH:3][cH:4][c:5]([cH:6][c:7]1[O:8][CH2:9][CH2:10][c:11]2[cH:12][cH:13][cH:14][cH:15][cH:16]2)[CH2:17][CH2:18][N:19]([CH2:20][CH2:21][CH3:22])[CH2:23][CH2:24][CH3:25])[CH3:26],"[0, 0, 0, 0, 0, 0, 0, 0, 0, 0, 0, 0, 0, 0, 0, 0, 0, 0, 1, 0, 0, 0, 0, 0, 1, 0, 0]"
[O:1]=[C:2]([NH:3][CH:4]([C:5](=[O:6])[NH:7][CH:8]([CH:9]=[CH:10][S:11](=[O:12])(=[O:13])[c:14]1[cH:15][cH:16][cH:17][cH:18][cH:19]1)[CH2:20][CH2:21][c:22]2[cH:23][cH:24][cH:25][cH:26][cH:27]2)[CH2:28][c:29]3[cH:30][cH:31][cH:32][cH:33][cH:34]3)[N:35]4[CH2:36][CH2:37][N:38]([CH3:39])[CH2:40][CH2:41]4,"[0, 0, 0, 0, 0, 0, 0, 0, 0, 0, 0, 0, 0, 0, 0, 0, 0, 0, 0, 0, 0, 0, 0, 0, 0, 0, 0, 0, 0, 0, 0, 0, 0, 0, 0, 0, 0, 1, 0, 0, 0, 0, 0, 0]"
[O:1]=[c:2]1[o:3][c:4]2[cH:5][cH:6][cH:7][cH:8][c:9]2[cH:10][cH:11]1,"[0, 0, 0, 0, 0, 0, 0, 0, 0, 1, 0, 0]"
[O:1]=[C:2]([NH:3][c:4]1[cH:5][cH:6][c:7]([Cl:8])[c:9]([Cl:10])[cH:11]1)[N:12]([CH3:13])[CH3:14],"[0, 0, 0, 0, 0, 0, 0, 0, 0, 0, 0, 1, 0, 0]"
